age,gender,tenure,usage_frequency,support_calls,payment_delay,subscription_type,contract_length,total_spend,last_interaction,churn
55,Male,20,24,4,6,Standard,Monthly,635,25,0
28,Male,27,30,4,5,Premium,Quarterly,631,10,0
65,Female,60,17,7,16,Premium,Quarterly,314,1,1
53,Male,47,16,8,7,Premium,Annual,527,13,0
32,Male,56,5,7,15,Premium,Annual,236,25,0
60,Female,9,6,9,5,Premium,Quarterly,638,24,0
37,Male,1,28,6,13,Premium,Annual,875,28,0
21,Male,59,7,0,7,Basic,Annual,814,15,0
26,Male,37,23,6,25,Basic,Annual,541,29,1
65,Male,35,12,3,0,Premium,Monthly,476,11,0
34,Male,33,13,8,27,Basic,Quarterly,912,12,1
26,Female,55,4,5,29,Standard,Quarterly,918,28,1
52,Female,14,26,0,22,Basic,Annual,425,24,1
32,Female,37,12,9,11,Standard,Monthly,203,13,0
21,Female,46,25,0,20,Basic,Monthly,799,13,0
44,Female,28,5,7,20,Premium,Annual,601,15,1
45,Female,13,16,4,24,Standard,Monthly,466,25,1
40,Male,48,16,8,19,Premium,Annual,641,8,1
51,Female,14,24,9,7,Standard,Quarterly,826,5,0
41,Female,31,6,4,23,Premium,Quarterly,110,11,1
40,Male,56,25,6,17,Premium,Quarterly,588,30,1
57,Male,54,6,4,16,Premium,Annual,867,5,0
46,Male,33,4,7,22,Standard,Annual,514,3,1
21,Female,12,12,6,6,Premium,Monthly,940,5,0
26,Female,17,7,2,20,Premium,Quarterly,552,24,0
28,Female,15,20,8,11,Basic,Quarterly,243,3,0
31,Male,2,2,7,27,Premium,Annual,153,3,1
29,Female,10,23,6,26,Basic,Annual,411,3,1
56,Female,41,18,8,19,Premium,Annual,668,30,1
65,Male,24,28,3,29,Basic,Annual,759,2,0
23,Male,60,6,10,24,Basic,Monthly,272,26,1
63,Male,2,5,4,16,Basic,Annual,172,29,1
27,Male,8,30,1,19,Premium,Monthly,418,9,0
45,Female,25,15,10,10,Basic,Quarterly,352,23,0
21,Male,30,2,4,11,Standard,Monthly,873,28,0
34,Male,26,25,1,5,Premium,Annual,494,16,0
48,Female,15,19,10,27,Standard,Quarterly,318,6,1
55,Male,54,14,3,23,Standard,Monthly,348,10,0
64,Male,43,10,4,29,Standard,Quarterly,756,15,0
65,Male,40,19,0,16,Standard,Monthly,769,27,0
33,Female,5,10,5,21,Premium,Monthly,764,4,1
39,Female,15,4,7,25,Basic,Quarterly,433,25,1
39,Female,21,29,7,29,Basic,Quarterly,382,11,1
28,Female,43,30,7,5,Basic,Monthly,600,11,0
38,Female,59,5,6,28,Premium,Monthly,770,16,1
28,Female,28,23,2,18,Basic,Quarterly,461,10,0
56,Male,38,14,3,5,Premium,Quarterly,218,30,0
24,Female,59,26,6,22,Premium,Monthly,750,15,1
18,Female,17,26,7,18,Basic,Monthly,594,23,0
63,Male,54,20,3,12,Standard,Quarterly,949,30,0
45,Male,13,24,10,4,Standard,Monthly,916,4,0
36,Female,53,30,4,30,Standard,Quarterly,156,10,1
63,Female,58,20,8,29,Standard,Monthly,827,12,1
23,Male,59,7,8,5,Standard,Annual,754,29,0
60,Male,33,20,5,17,Basic,Monthly,634,19,1
35,Female,30,19,3,13,Standard,Annual,409,9,0
38,Female,42,20,8,22,Basic,Annual,703,29,1
39,Male,47,11,5,28,Standard,Monthly,764,13,1
65,Female,27,15,8,29,Basic,Quarterly,871,8,1
41,Female,12,20,2,27,Standard,Annual,647,18,0
60,Male,13,2,10,23,Basic,Annual,490,12,1
55,Male,49,15,6,1,Basic,Quarterly,415,2,0
19,Male,54,18,0,1,Premium,Quarterly,913,29,0
43,Female,33,2,6,29,Basic,Annual,374,4,1
18,Female,4,5,1,24,Basic,Quarterly,759,5,0
25,Female,38,19,8,23,Basic,Quarterly,919,28,1
24,Female,56,9,6,19,Basic,Quarterly,721,15,1
22,Female,13,29,1,14,Premium,Monthly,895,19,0
54,Male,22,1,5,6,Basic,Quarterly,244,6,1
38,Female,3,5,6,23,Basic,Monthly,289,13,1
45,Male,44,5,10,22,Standard,Monthly,485,10,1
35,Male,60,28,9,25,Standard,Monthly,876,24,1
64,Male,27,15,4,8,Standard,Monthly,260,1,0
46,Male,28,17,7,2,Basic,Monthly,984,8,0
39,Female,37,24,6,27,Basic,Annual,258,11,1
35,Male,29,8,10,24,Premium,Annual,345,29,1
31,Male,51,17,7,13,Standard,Quarterly,489,30,0
27,Male,52,6,0,0,Premium,Annual,252,10,0
22,Female,34,10,8,10,Standard,Monthly,862,15,0
48,Female,7,23,9,21,Basic,Quarterly,224,22,1
34,Female,12,24,10,17,Premium,Monthly,181,28,0
25,Female,50,30,5,21,Premium,Quarterly,906,19,1
46,Female,34,25,4,2,Premium,Annual,195,30,0
55,Female,45,12,2,22,Standard,Annual,143,13,1
18,Male,10,18,6,28,Standard,Monthly,351,6,0
41,Female,15,1,2,21,Standard,Monthly,521,20,1
50,Female,59,28,6,18,Standard,Annual,984,3,1
21,Male,60,12,3,1,Basic,Monthly,250,5,0
55,Female,41,16,1,22,Premium,Monthly,913,8,1
39,Female,1,13,10,11,Premium,Quarterly,308,17,0
23,Male,59,7,5,16,Premium,Monthly,545,24,1
22,Male,21,21,1,13,Standard,Monthly,509,6,0
61,Female,58,17,4,5,Basic,Monthly,948,16,0
53,Female,18,29,9,30,Basic,Monthly,214,28,1
50,Female,42,26,3,1,Premium,Annual,599,12,0
65,Female,32,18,3,0,Premium,Quarterly,429,3,0
60,Female,13,7,9,11,Premium,Quarterly,974,1,0
52,Male,45,7,10,28,Standard,Monthly,330,3,1
27,Female,40,1,1,22,Standard,Monthly,653,16,1
28,Female,26,24,3,15,Premium,Annual,525,21,0
26,Male,53,12,3,26,Standard,Annual,126,1,0
41,Female,53,10,9,25,Basic,Monthly,357,2,1
54,Male,58,16,6,18,Premium,Annual,135,2,1
36,Female,12,23,10,28,Premium,Monthly,803,12,1
48,Female,26,7,3,26,Basic,Quarterly,157,10,1
19,Male,50,9,8,26,Standard,Monthly,623,15,1
23,Female,56,10,2,25,Basic,Monthly,825,23,1
28,Male,25,5,8,4,Premium,Quarterly,467,3,0
47,Male,60,16,5,14,Premium,Quarterly,894,6,0
28,Female,56,12,3,22,Premium,Quarterly,669,5,0
26,Female,35,5,9,8,Basic,Monthly,833,9,0
46,Female,51,14,0,18,Standard,Quarterly,575,3,0
54,Male,12,3,5,24,Standard,Quarterly,967,29,1
33,Female,47,17,4,20,Standard,Quarterly,741,26,0
33,Male,31,13,7,26,Standard,Monthly,356,30,1
43,Male,18,16,3,22,Standard,Annual,527,6,0
29,Female,20,5,10,17,Premium,Annual,493,18,0
56,Female,46,5,10,7,Basic,Monthly,993,15,1
29,Male,7,17,10,26,Basic,Monthly,711,5,0
43,Female,28,24,9,19,Premium,Annual,828,2,1
19,Male,11,25,4,10,Standard,Annual,767,5,0
59,Male,26,1,6,5,Premium,Annual,920,27,1
52,Male,13,15,5,10,Premium,Annual,772,15,0
34,Female,44,15,3,29,Basic,Quarterly,498,17,1
35,Female,41,16,3,20,Premium,Quarterly,919,27,0
28,Male,13,19,9,12,Basic,Monthly,726,2,0
38,Male,58,10,7,13,Premium,Monthly,285,20,0
62,Female,12,8,8,28,Standard,Monthly,913,16,1
54,Female,52,3,6,19,Basic,Annual,853,4,1
31,Female,60,15,9,5,Premium,Monthly,346,27,0
49,Male,55,2,6,24,Premium,Annual,643,12,1
27,Male,37,27,9,21,Premium,Quarterly,168,7,1
33,Female,31,25,8,21,Basic,Annual,966,17,1
44,Female,5,1,0,24,Premium,Quarterly,699,4,0
54,Male,9,14,0,0,Premium,Monthly,508,1,0
52,Female,53,5,6,4,Basic,Annual,236,9,1
23,Male,60,26,9,20,Standard,Monthly,135,13,1
58,Male,21,4,10,21,Standard,Monthly,340,24,1
39,Male,5,3,9,17,Basic,Quarterly,715,9,1
40,Male,17,3,6,30,Basic,Monthly,367,28,0
24,Male,14,9,10,12,Basic,Monthly,428,29,0
65,Female,41,3,10,4,Standard,Annual,196,26,1
29,Male,41,14,6,24,Premium,Monthly,495,1,1
56,Male,26,24,10,29,Standard,Quarterly,830,7,1
37,Female,12,21,8,22,Premium,Annual,487,19,1
23,Female,38,14,6,20,Premium,Monthly,587,3,1
33,Female,49,10,0,29,Premium,Quarterly,961,8,0
28,Female,13,29,9,22,Premium,Monthly,325,4,1
50,Female,48,24,5,13,Premium,Monthly,193,11,0
54,Female,23,4,10,28,Basic,Monthly,671,11,1
56,Female,5,15,5,12,Basic,Monthly,906,5,0
41,Female,37,3,5,23,Standard,Monthly,450,24,1
21,Female,49,18,9,1,Premium,Quarterly,342,2,0
37,Female,25,5,10,5,Premium,Monthly,962,10,0
57,Female,45,9,7,29,Premium,Annual,465,25,1
59,Male,52,5,4,22,Premium,Annual,272,26,1
33,Female,39,22,6,24,Premium,Monthly,171,7,1
42,Male,58,3,10,28,Standard,Quarterly,920,1,1
23,Female,31,21,5,25,Premium,Annual,837,10,1
52,Male,13,2,9,12,Standard,Monthly,950,12,1
48,Male,37,24,5,24,Basic,Annual,497,9,1
27,Female,21,27,1,4,Standard,Quarterly,356,13,0
46,Female,57,16,6,23,Standard,Monthly,563,6,1
43,Female,57,25,10,25,Standard,Annual,602,3,1
30,Male,41,24,9,16,Basic,Annual,528,23,1
34,Female,43,4,8,28,Premium,Annual,165,19,1
26,Male,41,27,8,15,Premium,Monthly,889,6,0
33,Male,3,29,6,24,Standard,Annual,833,22,0
65,Female,50,15,9,18,Standard,Quarterly,444,25,1
32,Female,10,8,4,20,Basic,Quarterly,449,13,0
40,Female,40,5,8,22,Standard,Quarterly,220,27,1
58,Female,41,1,0,8,Basic,Quarterly,212,7,0
53,Male,15,28,7,25,Premium,Quarterly,294,2,0
20,Male,33,24,0,11,Basic,Quarterly,426,21,0
40,Male,35,17,0,11,Premium,Quarterly,180,7,0
23,Female,30,9,10,3,Basic,Annual,387,26,0
53,Female,13,27,1,18,Premium,Monthly,922,21,0
23,Female,29,22,7,7,Basic,Monthly,514,11,0
37,Female,35,25,2,15,Basic,Monthly,162,28,0
61,Male,24,11,3,24,Basic,Monthly,330,30,0
44,Female,24,10,6,8,Standard,Annual,209,4,0
53,Male,55,26,10,28,Standard,Quarterly,408,20,1
48,Female,35,18,6,18,Standard,Annual,752,18,1
32,Female,20,23,7,11,Basic,Monthly,334,6,0
39,Male,24,27,4,3,Basic,Monthly,855,4,0
58,Male,13,9,6,13,Premium,Quarterly,810,18,0
48,Female,49,23,10,24,Premium,Monthly,435,4,1
45,Female,41,6,0,13,Premium,Quarterly,921,25,0
58,Male,7,5,4,30,Basic,Monthly,979,1,1
56,Female,41,7,10,19,Basic,Monthly,500,29,1
48,Male,21,30,10,12,Basic,Monthly,861,30,0
33,Female,6,2,2,19,Premium,Quarterly,635,21,0
25,Female,41,9,10,9,Basic,Monthly,276,14,0
35,Male,54,24,0,1,Premium,Annual,278,8,0
21,Male,36,6,10,22,Basic,Annual,160,26,1
19,Male,44,17,2,13,Standard,Quarterly,776,25,0
62,Male,15,2,6,20,Premium,Annual,581,12,1
23,Female,30,2,8,21,Basic,Quarterly,760,9,1
22,Male,23,6,9,26,Premium,Annual,224,14,0
25,Male,54,28,8,27,Standard,Quarterly,775,8,1
40,Male,46,3,9,24,Premium,Monthly,921,22,1
21,Female,59,28,3,27,Standard,Monthly,630,6,1
23,Male,52,30,8,21,Standard,Annual,676,8,1
42,Female,50,9,3,24,Premium,Monthly,135,17,1
57,Female,3,7,8,27,Basic,Quarterly,411,18,1
47,Female,26,7,7,21,Premium,Quarterly,904,3,1
24,Male,36,10,5,25,Basic,Annual,309,22,1
33,Male,53,1,3,30,Standard,Annual,299,3,1
32,Female,43,16,4,6,Premium,Quarterly,755,24,0
41,Female,54,29,6,19,Premium,Annual,334,29,1
47,Female,11,17,4,23,Basic,Quarterly,519,21,0
34,Male,41,10,2,28,Basic,Quarterly,314,22,0
51,Male,32,18,4,9,Standard,Monthly,973,30,0
28,Female,33,27,2,20,Basic,Monthly,106,13,0
18,Male,46,7,4,24,Standard,Monthly,964,2,0
44,Male,49,27,4,4,Premium,Monthly,637,17,0
45,Female,49,4,4,13,Basic,Quarterly,738,20,0
57,Male,28,23,8,4,Standard,Quarterly,294,21,0
62,Female,15,20,9,23,Basic,Annual,856,30,0
34,Female,51,4,10,25,Premium,Monthly,159,7,1
35,Female,33,2,7,24,Basic,Monthly,574,18,1
46,Female,50,25,9,22,Basic,Quarterly,945,1,1
55,Female,33,17,10,9,Basic,Monthly,868,28,0
21,Male,57,11,8,13,Basic,Quarterly,702,2,0
43,Female,10,13,5,3,Standard,Monthly,405,6,0
41,Female,37,10,2,21,Standard,Monthly,494,20,1
29,Female,21,8,5,14,Basic,Annual,438,10,0
31,Female,40,30,10,30,Standard,Quarterly,753,10,1
38,Female,6,8,3,16,Premium,Monthly,123,12,0
28,Female,53,28,2,29,Basic,Annual,290,3,1
26,Male,2,8,2,15,Premium,Annual,430,7,0
32,Male,23,9,8,25,Basic,Annual,824,12,0
36,Male,43,24,7,29,Standard,Annual,581,17,1
33,Male,41,10,10,19,Standard,Monthly,266,3,1
39,Female,45,28,7,16,Basic,Monthly,637,9,1
51,Female,53,8,3,10,Standard,Quarterly,302,17,0
57,Male,25,14,3,16,Basic,Annual,223,6,0
31,Female,58,25,3,28,Standard,Monthly,695,20,1
38,Female,46,1,4,4,Premium,Annual,111,21,1
34,Female,32,15,7,18,Premium,Monthly,102,21,1
42,Male,41,19,7,20,Standard,Monthly,376,15,1
46,Female,1,6,2,9,Standard,Annual,143,13,0
46,Male,28,5,7,2,Basic,Monthly,311,3,0
41,Male,5,7,7,3,Standard,Quarterly,974,4,0
51,Female,11,3,3,11,Basic,Monthly,575,15,0
54,Female,46,8,5,17,Standard,Monthly,766,27,1
63,Male,20,27,1,6,Standard,Annual,592,21,0
65,Female,7,13,3,13,Standard,Quarterly,861,18,0
45,Female,46,25,4,4,Standard,Quarterly,767,23,0
25,Female,54,12,5,8,Basic,Quarterly,754,12,0
20,Female,29,18,10,0,Basic,Monthly,267,3,0
40,Male,17,24,3,29,Basic,Quarterly,986,4,0
32,Female,14,12,6,5,Basic,Monthly,990,25,0
31,Female,57,3,6,1,Premium,Quarterly,880,9,0
53,Female,54,26,0,26,Basic,Monthly,355,3,1
31,Male,55,1,6,17,Basic,Quarterly,404,17,1
30,Female,30,4,0,22,Premium,Annual,938,12,0
55,Female,30,2,9,2,Premium,Monthly,397,13,1
63,Male,43,22,6,22,Standard,Quarterly,101,18,1
46,Female,60,8,9,3,Standard,Annual,689,3,0
58,Male,33,8,8,4,Basic,Annual,628,8,0
18,Male,11,21,2,20,Basic,Annual,120,21,0
31,Female,44,16,4,22,Standard,Annual,372,12,1
56,Female,17,24,5,17,Basic,Monthly,102,14,0
26,Female,21,7,7,21,Premium,Monthly,222,19,1
45,Male,38,24,8,22,Standard,Annual,993,19,1
43,Male,54,15,10,25,Basic,Monthly,166,9,1
37,Female,16,12,10,23,Standard,Quarterly,443,22,1
48,Female,44,20,2,30,Premium,Annual,366,17,1
30,Female,30,12,5,25,Basic,Quarterly,806,15,1
58,Male,33,17,3,6,Premium,Monthly,248,15,0
25,Female,11,1,5,0,Standard,Quarterly,733,17,0
54,Female,6,7,8,19,Standard,Annual,451,10,0
54,Female,5,11,9,29,Premium,Quarterly,681,26,0
41,Female,17,29,6,17,Premium,Annual,746,4,0
32,Male,48,11,1,7,Standard,Annual,887,30,0
47,Male,45,21,1,12,Basic,Monthly,248,11,0
18,Female,48,13,9,14,Basic,Monthly,663,28,0
62,Male,28,18,1,15,Standard,Quarterly,386,13,0
35,Male,15,20,0,19,Basic,Monthly,995,1,0
43,Female,49,6,5,21,Basic,Monthly,589,28,1
29,Female,35,30,5,1,Premium,Monthly,539,27,0
37,Female,47,23,4,17,Premium,Quarterly,857,8,0
45,Male,58,27,8,20,Basic,Quarterly,804,19,1
47,Female,20,20,6,15,Basic,Quarterly,104,18,0
64,Male,9,3,10,26,Standard,Monthly,791,5,1
40,Female,8,28,6,1,Premium,Monthly,823,24,0
24,Male,8,12,9,15,Basic,Annual,257,18,0
39,Male,10,15,9,25,Standard,Monthly,796,1,0
42,Female,17,21,6,30,Premium,Annual,890,26,0
59,Male,3,15,4,7,Premium,Annual,590,26,0
47,Male,32,11,10,19,Premium,Annual,835,16,1
62,Male,34,4,6,23,Basic,Monthly,908,30,1
45,Male,30,1,6,28,Basic,Annual,103,1,1
19,Male,10,30,5,5,Basic,Annual,605,15,0
42,Male,55,23,10,23,Basic,Monthly,934,16,1
44,Male,17,21,8,25,Basic,Monthly,496,10,0
31,Female,51,17,1,9,Standard,Monthly,415,8,0
60,Female,8,13,5,30,Basic,Monthly,679,30,1
47,Male,10,23,1,21,Basic,Monthly,781,4,0
32,Female,47,20,0,8,Premium,Monthly,885,9,0
41,Female,58,8,2,25,Basic,Monthly,321,22,1
31,Female,23,28,1,25,Basic,Annual,769,29,0
47,Male,60,15,3,0,Standard,Monthly,439,29,0
45,Female,2,3,4,30,Basic,Monthly,738,30,1
41,Male,28,14,4,13,Basic,Annual,582,5,0
29,Male,34,14,10,29,Standard,Quarterly,252,16,1
30,Male,10,4,6,13,Premium,Annual,503,22,0
57,Female,1,8,3,17,Standard,Annual,619,29,0
40,Female,54,10,8,20,Standard,Quarterly,898,9,1
40,Female,17,24,1,0,Premium,Quarterly,424,16,0
65,Female,15,8,4,28,Premium,Quarterly,498,13,1
50,Female,15,7,3,20,Standard,Annual,308,12,0
32,Female,32,21,2,6,Basic,Annual,713,23,0
58,Male,9,18,5,24,Premium,Annual,904,28,0
23,Female,33,5,7,19,Standard,Quarterly,118,20,1
18,Female,5,22,6,1,Standard,Monthly,206,18,0
43,Female,7,19,9,10,Premium,Monthly,557,17,0
53,Male,35,22,3,15,Basic,Quarterly,249,6,0
27,Male,47,1,7,17,Premium,Monthly,906,19,1
42,Female,60,25,10,28,Premium,Monthly,682,3,1
35,Male,36,10,9,21,Premium,Monthly,845,21,1
56,Male,46,22,4,11,Standard,Annual,663,2,0
61,Male,25,5,9,25,Standard,Annual,117,17,1
44,Female,49,13,0,26,Standard,Monthly,281,27,1
50,Female,27,15,4,3,Premium,Quarterly,123,18,0
31,Male,52,29,8,15,Basic,Quarterly,284,21,0
64,Male,1,7,8,16,Premium,Quarterly,384,10,0
38,Male,50,16,6,14,Standard,Quarterly,202,9,0
59,Female,60,18,8,19,Standard,Quarterly,260,11,1
55,Female,45,17,7,27,Basic,Quarterly,880,1,1
31,Male,1,11,10,5,Basic,Quarterly,231,21,0
65,Male,49,22,9,17,Basic,Annual,768,2,1
32,Female,18,13,8,8,Premium,Monthly,748,30,0
47,Female,23,27,9,9,Basic,Annual,273,22,0
36,Male,21,12,4,1,Basic,Annual,378,25,0
52,Female,60,21,1,24,Standard,Monthly,250,22,1
63,Male,28,24,10,23,Standard,Monthly,497,1,1
44,Male,54,27,5,2,Standard,Monthly,217,5,0
50,Female,25,14,7,22,Basic,Quarterly,783,8,1
34,Male,34,23,1,19,Premium,Quarterly,695,27,0
25,Male,41,1,0,10,Premium,Annual,291,20,1
45,Male,43,18,5,23,Standard,Annual,750,20,1
25,Male,21,14,9,17,Standard,Annual,321,7,0
23,Female,53,19,7,10,Premium,Quarterly,414,20,0
42,Male,26,28,5,24,Standard,Annual,735,9,1
47,Male,50,14,7,28,Basic,Quarterly,615,5,1
40,Female,60,19,7,5,Premium,Annual,898,27,0
44,Male,50,27,5,2,Standard,Monthly,992,7,0
34,Male,48,23,9,4,Basic,Monthly,319,30,0
22,Male,51,16,7,6,Standard,Quarterly,334,23,0
40,Female,7,9,4,14,Premium,Annual,326,15,0
61,Female,59,9,7,14,Basic,Monthly,965,27,0
49,Male,22,15,0,13,Premium,Quarterly,410,11,0
21,Female,36,17,9,25,Premium,Quarterly,616,10,1
26,Female,37,10,3,28,Premium,Monthly,106,3,1
43,Male,24,16,5,25,Standard,Quarterly,598,13,1
43,Female,29,15,5,17,Standard,Quarterly,125,28,1
65,Male,18,2,3,19,Basic,Annual,861,18,0
22,Female,2,2,4,18,Standard,Annual,715,10,1
25,Female,3,26,6,17,Premium,Quarterly,406,26,0
44,Male,46,23,5,26,Standard,Monthly,502,19,1
52,Male,52,5,1,6,Premium,Annual,605,19,0
63,Male,54,29,2,3,Basic,Annual,629,11,0
28,Female,38,10,4,15,Standard,Annual,369,24,0
36,Female,39,10,4,9,Premium,Monthly,417,7,0
31,Male,4,17,9,13,Standard,Quarterly,376,24,0
65,Male,37,30,10,30,Standard,Annual,863,1,1
59,Female,5,5,5,29,Premium,Annual,858,15,1
32,Female,43,26,8,22,Premium,Quarterly,350,21,1
62,Male,56,5,9,23,Basic,Annual,398,5,1
45,Female,29,19,9,20,Standard,Quarterly,938,15,1
50,Male,44,27,10,15,Standard,Monthly,898,16,0
37,Female,44,17,7,0,Standard,Annual,851,19,0
27,Female,52,20,2,0,Premium,Quarterly,152,9,0
29,Female,38,24,8,23,Basic,Quarterly,901,7,1
22,Male,57,19,5,28,Premium,Monthly,345,15,1
51,Male,5,29,4,7,Basic,Annual,406,23,0
47,Male,21,13,9,15,Premium,Monthly,950,25,0
30,Male,42,22,7,18,Premium,Annual,642,15,1
62,Male,46,3,9,23,Basic,Monthly,715,15,1
24,Female,60,30,9,26,Basic,Annual,304,25,1
55,Female,58,11,3,30,Basic,Monthly,810,6,1
36,Male,46,17,7,24,Premium,Monthly,242,8,1
35,Male,25,1,8,11,Basic,Quarterly,944,13,0
47,Male,22,8,9,4,Basic,Quarterly,799,19,0
61,Female,40,8,4,6,Standard,Annual,686,25,0
64,Female,29,23,5,20,Basic,Quarterly,109,9,1
32,Male,33,24,6,17,Standard,Quarterly,917,28,1
53,Female,28,27,8,20,Basic,Quarterly,125,7,1
62,Male,35,8,3,22,Basic,Annual,219,14,0
55,Male,38,13,10,20,Premium,Quarterly,273,17,1
46,Female,33,1,8,6,Premium,Annual,462,16,0
39,Female,31,7,4,5,Premium,Quarterly,269,14,0
31,Female,20,1,8,12,Standard,Annual,134,17,1
48,Male,51,1,4,20,Standard,Annual,599,13,0
29,Female,23,28,2,0,Basic,Quarterly,742,30,0
65,Female,31,23,5,21,Standard,Monthly,575,9,1
45,Female,37,8,2,5,Premium,Quarterly,566,30,0
19,Male,16,18,6,11,Premium,Annual,567,24,0
34,Male,17,10,0,23,Standard,Annual,195,1,0
38,Male,27,9,2,23,Basic,Annual,322,9,0
24,Male,34,19,5,17,Standard,Annual,834,27,1
29,Male,8,23,4,5,Basic,Monthly,451,28,0
39,Female,50,27,10,27,Standard,Annual,515,4,1
57,Male,57,21,10,22,Standard,Monthly,330,23,1
44,Male,47,16,4,19,Basic,Annual,644,28,0
55,Male,30,9,4,23,Standard,Annual,876,19,0
51,Male,19,3,8,3,Premium,Monthly,740,24,1
54,Male,56,29,1,19,Premium,Annual,563,12,0
27,Female,19,11,9,28,Premium,Annual,452,19,1
65,Male,60,1,4,11,Premium,Quarterly,160,19,1
18,Female,40,16,9,19,Premium,Annual,385,15,1
35,Male,19,6,9,7,Standard,Monthly,399,16,0
55,Male,18,4,7,19,Premium,Monthly,225,15,1
51,Female,23,27,0,27,Basic,Quarterly,762,2,0
41,Female,26,22,5,30,Basic,Annual,649,28,1
61,Female,4,20,8,27,Basic,Annual,453,25,1
31,Female,22,13,3,25,Basic,Monthly,826,12,1
26,Male,52,14,7,6,Basic,Quarterly,536,25,0
50,Female,21,26,10,27,Basic,Annual,960,7,0
25,Female,40,16,0,2,Basic,Annual,637,30,0
64,Female,19,10,6,23,Basic,Annual,162,8,1
19,Male,36,8,2,29,Standard,Annual,295,25,0
18,Male,49,12,0,16,Standard,Annual,111,23,0
25,Female,47,28,10,28,Standard,Quarterly,708,28,1
24,Male,59,13,7,12,Basic,Monthly,833,21,0
25,Female,26,8,2,12,Standard,Monthly,665,6,0
41,Female,30,15,1,1,Standard,Monthly,713,19,0
60,Male,44,28,10,18,Standard,Quarterly,676,25,1
37,Female,28,9,1,3,Premium,Annual,197,14,0
18,Male,57,23,3,25,Premium,Quarterly,995,13,0
20,Male,43,11,5,22,Basic,Monthly,669,27,1
63,Male,28,27,5,19,Standard,Quarterly,599,26,1
24,Female,29,20,10,18,Premium,Annual,982,30,1
47,Female,52,3,1,21,Standard,Annual,588,1,0
59,Male,19,29,0,18,Standard,Quarterly,998,1,0
33,Female,57,16,8,18,Basic,Annual,745,3,1
24,Male,46,7,7,22,Premium,Quarterly,245,13,1
37,Female,54,28,9,1,Premium,Monthly,384,16,0
52,Female,44,24,4,22,Premium,Monthly,583,18,1
62,Female,47,12,10,19,Basic,Annual,213,11,1
65,Male,52,11,7,24,Basic,Monthly,848,19,1
56,Female,10,29,2,22,Standard,Quarterly,442,23,1
30,Male,45,5,6,26,Premium,Monthly,910,26,1
49,Female,22,13,7,26,Premium,Monthly,144,12,1
58,Male,21,19,5,7,Standard,Quarterly,938,17,0
62,Male,4,18,2,10,Premium,Annual,540,27,0
19,Male,41,13,6,12,Standard,Quarterly,190,8,0
30,Female,9,4,7,7,Basic,Monthly,962,20,0
33,Female,47,16,3,4,Premium,Monthly,800,2,0
20,Male,25,14,8,9,Standard,Annual,792,16,0
60,Female,55,2,4,17,Standard,Annual,764,2,1
31,Male,34,28,10,27,Basic,Monthly,117,28,1
36,Female,54,3,8,16,Basic,Quarterly,454,13,1
32,Female,22,25,9,9,Basic,Quarterly,490,22,0
48,Male,34,18,4,28,Basic,Monthly,183,30,0
49,Female,11,15,6,2,Basic,Monthly,356,19,0
63,Female,53,3,6,0,Premium,Annual,130,28,1
26,Male,48,7,5,18,Premium,Monthly,925,16,1
62,Female,24,1,8,19,Standard,Quarterly,588,20,1
23,Male,26,1,9,27,Basic,Annual,946,20,1
46,Male,21,11,8,18,Standard,Monthly,555,27,0
58,Female,32,9,7,26,Premium,Monthly,931,2,1
45,Male,25,16,5,12,Standard,Annual,702,3,0
52,Male,58,22,5,22,Standard,Annual,309,2,1
59,Male,11,1,0,30,Premium,Quarterly,532,10,0
42,Female,33,6,6,6,Standard,Annual,409,17,0
31,Female,39,11,2,0,Basic,Quarterly,791,26,0
22,Female,18,21,9,22,Premium,Quarterly,358,29,1
64,Male,3,22,6,4,Standard,Quarterly,680,13,0
41,Female,58,9,0,23,Standard,Annual,108,21,1
39,Male,29,7,10,13,Premium,Quarterly,937,15,0
35,Male,36,15,6,22,Basic,Monthly,994,4,1
55,Female,28,12,8,22,Basic,Annual,667,9,1
28,Male,20,19,6,0,Premium,Annual,101,26,0
19,Male,37,25,4,11,Standard,Quarterly,103,3,0
61,Male,50,9,7,12,Basic,Annual,914,14,0
64,Female,43,8,1,16,Standard,Annual,854,20,0
38,Male,49,20,10,7,Basic,Quarterly,343,19,0
51,Female,30,4,10,13,Basic,Quarterly,454,27,1
53,Female,35,2,1,1,Standard,Monthly,820,4,0
37,Male,15,23,1,18,Premium,Annual,280,6,0
29,Female,3,15,0,20,Premium,Annual,865,4,0
24,Male,53,8,7,26,Premium,Monthly,595,4,1
62,Male,47,7,2,17,Premium,Monthly,613,4,0
46,Female,34,14,0,5,Premium,Annual,692,17,0
45,Female,17,16,8,16,Basic,Monthly,231,6,0
59,Female,58,17,1,24,Premium,Annual,432,25,1
18,Female,49,9,3,13,Standard,Annual,906,20,0
57,Male,36,9,5,29,Standard,Quarterly,758,3,1
40,Male,31,10,1,14,Premium,Annual,426,24,0
59,Female,40,2,0,13,Standard,Quarterly,589,18,0
60,Female,55,7,7,26,Standard,Annual,405,25,1
29,Male,59,27,4,29,Premium,Monthly,469,15,0
52,Male,48,3,6,24,Premium,Monthly,149,19,1
34,Female,21,4,4,29,Premium,Annual,115,29,1
44,Female,42,8,5,27,Standard,Annual,1000,30,1
29,Male,20,27,1,29,Basic,Monthly,982,18,0
39,Female,59,20,6,25,Standard,Annual,266,10,1
29,Male,12,14,0,8,Basic,Annual,389,30,0
53,Male,2,2,0,16,Premium,Quarterly,209,9,0
63,Male,16,26,8,5,Basic,Annual,983,17,0
53,Female,11,28,4,6,Basic,Annual,736,13,0
19,Male,42,18,3,22,Premium,Annual,875,29,0
50,Female,12,28,0,7,Premium,Annual,764,1,0
20,Female,31,18,2,24,Premium,Monthly,434,7,1
51,Male,34,1,9,16,Basic,Annual,934,5,1
33,Male,45,21,5,8,Premium,Annual,398,13,0
64,Female,50,5,4,30,Standard,Quarterly,701,11,1
53,Male,16,3,4,23,Basic,Annual,758,12,1
32,Male,33,27,7,0,Standard,Annual,139,5,0
34,Female,4,23,3,24,Premium,Quarterly,935,21,0
24,Male,45,13,7,25,Standard,Quarterly,282,19,1
23,Male,32,1,6,27,Standard,Quarterly,336,25,1
30,Male,37,16,8,22,Premium,Annual,311,18,1
34,Female,18,22,7,27,Premium,Quarterly,475,17,1
64,Female,3,16,3,27,Premium,Annual,140,21,1
34,Male,42,12,0,12,Premium,Quarterly,208,6,0
36,Female,28,24,4,23,Standard,Monthly,419,9,1
61,Female,53,4,5,12,Standard,Monthly,494,11,1
21,Male,51,29,0,10,Standard,Monthly,866,4,0
52,Female,42,27,7,28,Premium,Quarterly,819,24,1
56,Female,31,29,6,15,Premium,Quarterly,182,20,0
52,Male,31,26,3,8,Basic,Monthly,355,29,0
21,Male,24,2,5,18,Premium,Annual,777,6,1
63,Female,28,5,7,11,Basic,Annual,164,12,1
57,Male,19,16,8,7,Premium,Monthly,651,1,0
24,Female,13,5,4,21,Basic,Quarterly,982,7,0
19,Male,37,2,6,26,Basic,Monthly,764,21,1
58,Female,31,1,2,21,Basic,Annual,207,26,1
26,Male,1,15,8,17,Basic,Annual,884,6,0
51,Male,34,4,7,18,Premium,Monthly,472,5,1
55,Male,43,12,0,3,Basic,Annual,207,27,0
39,Female,60,6,9,5,Premium,Monthly,648,13,0
41,Male,57,17,3,20,Standard,Quarterly,914,23,0
52,Female,26,28,3,6,Standard,Quarterly,953,5,0
63,Male,50,21,7,22,Premium,Quarterly,394,25,1
37,Male,14,2,3,17,Basic,Monthly,949,5,0
58,Female,52,8,2,8,Basic,Annual,589,24,0
24,Female,23,13,1,15,Premium,Monthly,106,16,0
65,Male,29,14,10,24,Premium,Annual,488,30,1
25,Male,20,23,10,30,Basic,Annual,399,16,0
62,Female,60,18,10,23,Basic,Monthly,884,6,1
54,Male,50,13,7,28,Basic,Annual,106,2,1
46,Female,55,6,5,22,Premium,Annual,879,6,1
35,Male,33,12,3,13,Basic,Annual,371,13,0
19,Male,59,11,8,27,Basic,Quarterly,449,16,1
39,Female,51,25,0,0,Basic,Quarterly,659,25,0
31,Female,9,16,9,23,Basic,Quarterly,260,18,1
46,Female,24,11,9,30,Premium,Annual,741,5,1
58,Male,21,24,10,29,Premium,Monthly,456,27,0
61,Male,14,24,5,5,Standard,Annual,496,11,0
44,Male,3,29,7,0,Standard,Quarterly,494,22,0
41,Female,8,19,2,6,Premium,Monthly,851,2,0
64,Male,27,13,8,21,Standard,Quarterly,936,17,1
51,Male,15,4,4,23,Basic,Monthly,268,23,1
48,Male,19,15,4,1,Basic,Monthly,709,13,0
33,Female,27,15,7,28,Standard,Monthly,105,19,1
29,Male,4,10,9,30,Standard,Quarterly,245,24,0
54,Male,52,24,3,25,Basic,Annual,132,18,0
26,Female,15,4,3,26,Standard,Monthly,771,9,1
56,Female,5,5,8,22,Premium,Monthly,838,30,1
22,Female,5,10,8,27,Basic,Quarterly,164,13,1
49,Female,13,27,3,20,Standard,Monthly,356,29,0
28,Male,47,11,0,7,Premium,Quarterly,551,27,0
56,Female,3,3,9,28,Standard,Monthly,607,2,1
33,Female,3,18,6,4,Premium,Annual,444,15,0
25,Male,14,3,4,19,Standard,Monthly,307,8,0
57,Male,28,6,6,30,Standard,Annual,146,21,1
49,Female,50,4,9,1,Standard,Annual,956,15,0
55,Male,6,27,0,4,Standard,Annual,455,27,0
24,Female,51,28,8,25,Premium,Quarterly,173,21,1
26,Female,19,14,2,20,Premium,Quarterly,685,30,0
37,Male,57,15,9,30,Premium,Quarterly,266,6,1
61,Female,48,8,9,12,Standard,Quarterly,387,7,0
39,Male,7,14,9,18,Basic,Quarterly,977,19,0
51,Male,41,19,5,22,Standard,Monthly,892,24,1
33,Female,17,8,7,28,Standard,Monthly,749,7,1
43,Female,8,1,2,16,Basic,Annual,934,7,1
42,Male,53,9,8,25,Standard,Annual,525,19,1
38,Male,25,6,2,28,Premium,Quarterly,148,30,0
59,Female,36,2,5,17,Premium,Monthly,878,20,1
35,Male,4,14,3,5,Basic,Monthly,681,1,0
29,Female,51,1,7,20,Basic,Quarterly,815,22,1
60,Female,19,13,8,28,Premium,Quarterly,369,11,1
63,Female,54,2,9,19,Basic,Quarterly,736,20,1
54,Male,20,14,7,21,Standard,Annual,430,13,0
64,Male,45,2,3,18,Premium,Monthly,509,6,0
35,Female,47,16,5,12,Basic,Monthly,783,3,0
28,Female,48,10,7,29,Standard,Monthly,400,6,1
57,Male,46,15,8,30,Standard,Annual,393,16,1
35,Male,12,1,9,9,Standard,Monthly,285,4,0
48,Male,33,23,9,29,Standard,Monthly,959,15,1
19,Female,43,3,5,21,Premium,Quarterly,963,3,1
63,Male,36,18,5,23,Premium,Annual,864,24,1
28,Female,42,6,10,26,Premium,Annual,244,20,1
32,Female,49,8,0,1,Basic,Quarterly,824,30,0
54,Male,21,11,4,25,Standard,Annual,676,29,0
24,Female,47,9,10,11,Standard,Monthly,176,13,0
52,Male,38,6,9,17,Standard,Quarterly,124,27,1
61,Male,31,12,9,16,Premium,Monthly,852,24,1
48,Female,18,19,1,23,Standard,Monthly,451,22,1
47,Male,57,10,7,10,Premium,Annual,103,11,0
51,Male,22,13,1,11,Standard,Monthly,546,16,0
50,Male,47,1,4,27,Basic,Annual,457,4,0
54,Female,21,3,6,5,Basic,Quarterly,118,7,1
24,Female,16,2,10,10,Premium,Annual,789,9,0
57,Female,48,22,0,3,Basic,Monthly,866,13,0
41,Male,9,19,5,7,Standard,Quarterly,924,23,0
43,Female,29,24,6,4,Premium,Quarterly,675,21,0
56,Female,43,14,10,20,Basic,Annual,314,16,1
24,Female,39,26,4,28,Standard,Monthly,768,26,1
48,Male,8,21,4,18,Basic,Monthly,839,1,0
29,Male,47,13,4,15,Premium,Annual,555,11,0
20,Male,25,29,10,28,Standard,Quarterly,949,2,1
35,Female,35,14,8,25,Basic,Annual,232,15,1
44,Female,18,30,7,3,Premium,Monthly,876,27,0
37,Male,50,19,4,11,Standard,Annual,103,20,0
34,Female,39,6,8,21,Basic,Annual,140,8,1
30,Female,55,23,1,29,Basic,Annual,183,29,1
34,Female,7,21,2,2,Standard,Annual,722,25,0
30,Male,37,5,9,23,Basic,Monthly,609,8,1
21,Female,35,17,9,20,Premium,Monthly,859,28,1
39,Male,52,21,2,12,Premium,Quarterly,992,13,0
42,Male,41,9,8,23,Standard,Quarterly,564,17,1
51,Male,28,2,1,4,Premium,Annual,674,2,0
32,Female,1,25,5,22,Premium,Quarterly,263,29,1
39,Female,34,17,9,12,Standard,Monthly,953,5,0
25,Female,33,7,8,28,Premium,Quarterly,745,18,1
36,Female,57,4,3,10,Basic,Quarterly,182,10,0
65,Male,44,10,6,11,Basic,Quarterly,674,19,0
48,Male,41,25,6,19,Basic,Annual,687,3,1
61,Male,42,23,2,15,Premium,Quarterly,631,27,0
35,Female,9,26,0,18,Standard,Monthly,513,4,0
63,Male,56,7,6,29,Basic,Annual,106,5,1
43,Male,36,27,4,24,Basic,Monthly,378,11,0
24,Female,40,29,4,12,Basic,Monthly,210,1,0
33,Male,29,28,6,29,Standard,Annual,555,6,1
20,Male,27,29,8,21,Standard,Annual,910,2,1
49,Male,26,14,1,28,Standard,Annual,351,30,0
47,Male,24,4,8,6,Standard,Annual,308,8,0
44,Male,26,9,4,3,Basic,Monthly,845,11,0
30,Male,56,12,3,6,Premium,Annual,282,5,0
41,Male,40,14,4,7,Basic,Annual,764,15,0
46,Male,44,11,8,16,Premium,Annual,435,25,1
40,Male,35,8,8,23,Standard,Quarterly,783,17,1
20,Male,3,23,5,10,Premium,Annual,440,24,0
38,Male,32,1,6,28,Premium,Quarterly,726,26,1
45,Female,13,9,1,1,Premium,Monthly,668,2,0
26,Male,53,30,7,20,Standard,Monthly,746,11,1
52,Female,17,2,5,15,Standard,Monthly,863,23,1
19,Male,11,10,0,8,Standard,Monthly,773,8,0
47,Female,51,20,10,12,Premium,Annual,178,10,0
25,Female,44,27,10,4,Standard,Quarterly,146,20,0
39,Female,13,4,5,22,Basic,Monthly,723,9,1
63,Female,13,9,2,27,Standard,Quarterly,512,8,0
38,Female,49,11,10,19,Premium,Annual,759,23,1
30,Female,46,2,6,18,Basic,Quarterly,647,10,1
57,Male,51,8,3,2,Standard,Annual,754,5,0
57,Female,45,21,5,21,Premium,Monthly,920,4,1
60,Male,49,25,6,30,Premium,Annual,775,13,1
38,Female,52,11,0,26,Premium,Annual,241,16,1
64,Female,47,11,8,10,Standard,Annual,151,12,0
18,Male,60,13,3,19,Premium,Quarterly,136,14,0
24,Female,16,8,4,10,Basic,Annual,202,26,0
19,Male,33,4,6,12,Premium,Quarterly,924,21,0
64,Male,24,15,3,8,Standard,Monthly,263,20,0
23,Female,20,6,8,4,Basic,Quarterly,377,7,0
35,Male,59,2,6,26,Premium,Quarterly,774,2,1
40,Male,19,29,4,26,Basic,Monthly,523,8,0
20,Female,22,7,1,24,Basic,Quarterly,988,7,0
24,Female,59,20,10,30,Standard,Monthly,816,28,1
31,Male,29,17,0,11,Premium,Annual,332,18,0
22,Female,56,28,7,21,Basic,Quarterly,639,19,1
62,Female,27,10,3,8,Basic,Monthly,300,22,0
21,Female,57,1,5,20,Standard,Monthly,901,9,1
42,Male,26,11,8,0,Basic,Quarterly,775,6,0
22,Male,8,18,7,13,Basic,Monthly,627,7,0
30,Male,16,1,7,8,Premium,Annual,838,12,0
18,Female,8,21,1,12,Standard,Quarterly,352,16,0
52,Female,44,5,7,19,Premium,Quarterly,146,28,1
24,Male,47,3,10,11,Basic,Annual,632,28,0
46,Female,12,5,6,17,Basic,Annual,879,29,0
59,Male,49,26,8,0,Standard,Quarterly,574,20,0
59,Female,48,13,10,14,Premium,Annual,111,6,0
50,Male,39,25,2,6,Basic,Monthly,920,5,0
20,Female,35,2,9,0,Standard,Monthly,388,12,0
38,Female,49,9,4,15,Basic,Quarterly,291,8,0
58,Female,54,7,0,13,Standard,Quarterly,354,10,0
45,Female,15,11,6,1,Standard,Quarterly,669,24,0
32,Female,44,7,8,7,Standard,Quarterly,260,22,0
20,Female,29,16,9,7,Premium,Quarterly,593,17,0
50,Female,19,24,8,20,Standard,Annual,366,15,0
45,Male,59,4,5,26,Premium,Quarterly,368,8,1
29,Female,22,18,0,19,Basic,Quarterly,520,23,0
45,Male,26,10,3,19,Standard,Annual,265,18,0
22,Female,13,11,2,7,Premium,Monthly,282,19,0
50,Female,27,21,1,27,Premium,Monthly,736,12,1
63,Male,43,20,5,14,Standard,Annual,190,13,0
56,Female,39,1,6,21,Premium,Annual,749,8,1
63,Male,59,10,10,27,Premium,Quarterly,567,7,1
22,Female,48,29,2,5,Premium,Quarterly,355,21,0
60,Female,8,18,1,7,Premium,Annual,914,1,0
45,Male,50,13,4,4,Premium,Annual,868,15,0
18,Male,12,4,1,21,Standard,Quarterly,467,5,0
29,Female,12,12,0,19,Premium,Quarterly,237,16,0
36,Female,42,9,1,15,Premium,Monthly,349,18,0
65,Female,13,17,7,4,Basic,Annual,729,19,0
57,Male,44,22,6,16,Basic,Quarterly,230,16,1
46,Female,45,19,2,18,Standard,Quarterly,939,20,0
56,Female,5,23,4,24,Premium,Monthly,638,19,1
63,Female,10,12,2,10,Premium,Quarterly,620,4,0
25,Male,41,6,10,0,Basic,Quarterly,716,19,0
51,Male,52,25,10,29,Standard,Monthly,500,15,1
60,Female,16,2,7,21,Basic,Quarterly,763,10,1
43,Male,19,22,0,6,Standard,Monthly,178,28,0
39,Female,48,2,10,7,Premium,Annual,104,30,1
21,Female,50,25,0,18,Premium,Annual,261,11,0
52,Female,54,20,0,28,Premium,Quarterly,390,2,1
28,Female,25,27,1,2,Standard,Monthly,569,27,0
37,Female,41,15,6,29,Standard,Quarterly,711,16,1
28,Male,49,15,10,27,Standard,Monthly,347,5,1
34,Male,24,19,4,29,Premium,Quarterly,673,26,0
38,Female,26,14,8,22,Basic,Annual,566,6,1
58,Male,52,26,9,11,Standard,Annual,854,2,0
25,Male,16,15,9,8,Premium,Monthly,841,29,0
35,Female,32,14,2,26,Premium,Quarterly,195,29,1
41,Female,43,27,1,25,Standard,Quarterly,302,4,1
32,Male,54,7,5,24,Standard,Annual,768,28,1
62,Female,32,23,5,10,Premium,Quarterly,640,26,0
22,Female,34,22,10,22,Basic,Monthly,317,29,1
25,Female,6,8,2,28,Premium,Quarterly,429,3,1
63,Male,20,3,7,0,Standard,Monthly,518,21,1
49,Female,58,4,7,3,Premium,Annual,484,26,0
60,Female,28,27,1,20,Basic,Quarterly,108,14,0
30,Male,38,8,5,12,Premium,Annual,487,24,0
29,Female,19,15,1,16,Premium,Quarterly,878,19,0
47,Female,33,15,0,26,Standard,Quarterly,228,25,1
52,Male,58,24,9,22,Standard,Annual,695,16,1
23,Male,50,2,3,22,Premium,Annual,257,5,1
64,Female,46,5,8,22,Standard,Quarterly,588,13,1
51,Female,1,2,3,1,Basic,Annual,111,15,1
41,Female,58,11,0,5,Basic,Annual,188,14,0
63,Male,52,12,8,7,Premium,Annual,771,20,0
60,Male,37,10,6,20,Basic,Quarterly,840,28,1
51,Female,16,24,0,21,Premium,Monthly,284,28,1
57,Male,46,17,9,21,Standard,Monthly,500,6,1
63,Female,32,28,9,25,Standard,Monthly,146,14,1
48,Female,44,30,6,23,Basic,Quarterly,591,7,1
64,Female,5,13,8,15,Standard,Quarterly,858,8,0
18,Female,45,17,10,17,Premium,Annual,817,8,1
50,Female,17,13,5,26,Basic,Annual,854,16,0
34,Female,57,27,3,12,Premium,Quarterly,557,11,0
29,Female,43,13,8,21,Basic,Annual,226,15,1
65,Male,56,21,6,22,Standard,Quarterly,442,28,1
41,Male,22,21,8,14,Standard,Quarterly,117,6,0
53,Female,12,6,0,0,Premium,Monthly,722,20,0
47,Male,49,20,0,27,Premium,Monthly,786,20,0
25,Male,36,7,9,28,Standard,Annual,538,19,1
52,Female,32,13,7,8,Premium,Monthly,775,23,0
56,Female,50,18,0,29,Basic,Monthly,818,23,1
37,Female,26,28,10,29,Premium,Quarterly,430,18,1
24,Female,6,18,10,25,Standard,Monthly,163,23,1
45,Female,22,29,1,2,Basic,Annual,461,28,0
55,Male,30,5,1,18,Basic,Annual,798,16,0
46,Female,36,26,0,28,Premium,Annual,381,21,1
33,Female,10,23,3,13,Basic,Monthly,152,6,0
61,Male,37,25,7,17,Standard,Quarterly,894,4,1
33,Male,60,9,9,27,Premium,Annual,640,24,1
59,Female,26,28,8,28,Standard,Annual,204,2,1
60,Female,37,17,10,28,Basic,Annual,150,20,1
37,Female,42,23,8,18,Basic,Monthly,624,13,1
53,Female,8,26,3,1,Premium,Quarterly,590,10,0
53,Male,24,28,6,4,Basic,Monthly,935,2,0
41,Female,42,19,6,30,Premium,Monthly,827,22,1
52,Male,36,2,5,28,Premium,Monthly,160,11,1
62,Female,31,28,5,30,Standard,Monthly,667,23,1
63,Female,35,22,1,2,Standard,Monthly,762,28,0
28,Female,4,16,9,11,Basic,Quarterly,889,11,0
20,Male,52,11,3,1,Basic,Quarterly,899,21,0
25,Female,11,6,3,17,Standard,Monthly,177,16,0
36,Female,44,15,4,0,Premium,Monthly,115,7,0
52,Male,55,11,9,23,Basic,Quarterly,833,27,1
55,Male,49,23,5,14,Standard,Monthly,858,19,0
25,Female,24,20,1,7,Premium,Annual,677,12,0
29,Female,56,30,5,13,Premium,Monthly,525,13,0
62,Female,8,2,6,30,Basic,Monthly,109,25,1
49,Male,51,15,4,24,Premium,Annual,527,19,0
26,Male,22,12,0,30,Basic,Monthly,416,9,0
30,Female,59,12,9,30,Basic,Quarterly,369,3,1
42,Female,53,3,4,7,Premium,Quarterly,136,4,0
32,Female,39,2,5,19,Basic,Annual,755,19,1
59,Female,7,19,9,9,Standard,Annual,320,23,0
65,Female,10,16,5,29,Premium,Monthly,373,11,1
33,Female,31,7,5,21,Premium,Annual,231,18,1
27,Male,13,19,1,15,Standard,Monthly,135,29,0
50,Male,45,1,6,24,Standard,Annual,353,30,1
39,Female,33,5,1,30,Premium,Annual,279,3,1
55,Female,4,27,10,10,Premium,Monthly,889,17,0
40,Female,10,25,1,24,Premium,Quarterly,471,5,1
51,Male,1,10,4,15,Basic,Quarterly,937,14,0
43,Female,27,21,1,1,Basic,Quarterly,451,2,0
27,Female,52,25,3,30,Premium,Annual,790,21,0
49,Male,19,12,10,11,Basic,Annual,299,2,0
25,Female,49,3,8,24,Standard,Quarterly,689,2,1
62,Female,31,29,8,7,Basic,Annual,390,29,0
59,Male,55,27,7,23,Basic,Monthly,383,1,1
60,Female,47,2,7,0,Standard,Monthly,138,18,1
56,Male,44,27,8,21,Standard,Annual,180,19,1
28,Female,42,8,2,25,Premium,Monthly,496,9,1
28,Female,50,25,9,27,Standard,Monthly,984,6,1
49,Female,37,2,0,25,Standard,Quarterly,455,6,1
18,Female,48,4,5,20,Premium,Quarterly,759,2,1
61,Male,22,15,10,14,Premium,Quarterly,524,15,0
54,Male,2,25,2,0,Premium,Annual,326,23,0
46,Male,48,10,2,0,Basic,Quarterly,393,29,0
39,Male,1,19,0,2,Premium,Annual,760,7,0
33,Male,39,26,4,29,Basic,Quarterly,336,20,0
43,Female,56,3,9,8,Premium,Quarterly,176,12,0
38,Female,43,9,5,2,Standard,Monthly,222,3,0
36,Female,59,21,3,28,Premium,Monthly,616,7,1
34,Female,8,29,10,25,Basic,Quarterly,286,15,1
52,Female,44,11,5,11,Basic,Monthly,706,13,0
57,Female,11,1,8,10,Standard,Monthly,101,22,1
37,Female,31,9,6,21,Basic,Annual,228,4,1
29,Male,30,17,7,11,Basic,Quarterly,494,15,0
28,Male,44,12,9,26,Basic,Monthly,628,2,1
47,Male,15,26,1,26,Premium,Monthly,784,24,0
58,Female,35,15,7,24,Premium,Monthly,885,16,1
52,Female,60,26,8,27,Basic,Quarterly,698,11,1
58,Male,17,1,5,12,Premium,Monthly,495,22,1
41,Female,39,19,1,27,Standard,Annual,328,6,1
46,Female,59,16,6,26,Standard,Quarterly,554,13,1
36,Male,60,26,7,17,Basic,Annual,669,11,1
22,Male,13,11,7,29,Basic,Quarterly,479,14,0
28,Male,58,9,8,5,Standard,Quarterly,442,3,0
49,Male,4,27,10,18,Premium,Quarterly,878,14,0
47,Female,21,5,1,24,Standard,Monthly,768,25,1
49,Male,54,13,9,20,Basic,Monthly,907,30,1
60,Male,14,4,5,24,Premium,Annual,180,3,1
39,Female,44,20,6,11,Standard,Quarterly,442,6,0
45,Female,35,8,10,10,Basic,Quarterly,378,27,0
41,Male,8,26,2,22,Basic,Monthly,867,10,0
35,Male,36,21,5,13,Standard,Monthly,969,10,0
46,Female,55,7,2,23,Standard,Monthly,454,13,1
45,Female,47,13,9,0,Basic,Quarterly,760,21,0
35,Male,28,19,10,24,Standard,Monthly,963,19,1
65,Female,22,11,6,15,Premium,Annual,984,5,0
58,Male,58,4,5,9,Basic,Annual,130,23,1
18,Male,19,13,1,2,Standard,Annual,702,6,0
37,Male,19,4,3,30,Premium,Annual,997,25,0
54,Male,13,28,7,26,Premium,Quarterly,242,27,0
38,Male,45,3,10,4,Premium,Monthly,571,11,0
42,Female,36,7,0,13,Basic,Monthly,636,12,0
54,Female,5,14,0,5,Premium,Monthly,480,29,0
50,Female,10,4,0,30,Premium,Quarterly,287,27,1
65,Female,39,27,9,28,Basic,Annual,178,6,1
49,Female,4,7,6,20,Basic,Quarterly,846,17,0
25,Female,47,25,10,16,Standard,Annual,672,16,1
62,Male,1,15,6,22,Standard,Quarterly,840,14,0
31,Female,5,11,0,1,Standard,Quarterly,821,6,0
44,Male,26,23,7,29,Premium,Annual,627,16,1
43,Female,33,22,8,0,Basic,Annual,681,5,0
43,Female,56,30,1,1,Standard,Annual,341,30,0
20,Female,4,3,0,21,Basic,Monthly,726,24,1
43,Female,31,2,9,5,Basic,Quarterly,123,20,0
20,Female,6,5,1,26,Standard,Monthly,113,20,1
61,Male,36,2,10,21,Standard,Quarterly,132,29,1
41,Female,26,23,8,28,Basic,Annual,385,30,1
53,Female,45,14,5,23,Standard,Annual,641,17,1
57,Female,19,24,6,0,Basic,Monthly,998,5,0
29,Male,28,30,8,11,Premium,Quarterly,160,25,0
28,Male,34,30,7,12,Standard,Annual,717,14,0
58,Female,33,27,7,29,Standard,Monthly,989,21,1
39,Female,20,19,5,30,Standard,Quarterly,142,21,1
65,Female,36,30,10,20,Standard,Annual,606,27,1
58,Female,4,26,8,21,Premium,Quarterly,214,21,1
64,Male,55,6,6,25,Standard,Monthly,804,29,1
39,Male,55,5,9,20,Standard,Quarterly,368,9,1
30,Male,38,20,5,10,Premium,Quarterly,725,20,0
58,Female,27,12,4,27,Standard,Monthly,565,3,1
57,Male,43,11,10,7,Premium,Monthly,684,10,0
18,Female,59,8,0,25,Basic,Monthly,786,10,1
40,Female,42,23,9,29,Standard,Annual,475,23,1
25,Female,22,30,10,23,Standard,Annual,533,19,0
52,Female,47,2,3,9,Standard,Annual,633,14,0
61,Female,57,25,2,8,Standard,Annual,797,6,0
53,Female,37,8,4,13,Standard,Monthly,561,16,0
36,Male,7,5,5,28,Premium,Annual,919,4,0
58,Male,27,4,7,26,Basic,Monthly,375,21,1
30,Female,12,19,2,30,Premium,Quarterly,393,18,1
60,Male,24,9,6,23,Standard,Monthly,859,18,1
51,Female,18,14,0,24,Standard,Monthly,648,2,1
53,Female,26,11,0,8,Premium,Annual,120,10,0
50,Female,7,1,8,8,Basic,Annual,385,6,1
33,Male,54,5,9,26,Basic,Annual,400,23,1
37,Female,20,5,0,25,Standard,Quarterly,274,10,1
34,Female,17,7,8,25,Standard,Monthly,353,7,1
58,Male,35,4,10,9,Basic,Monthly,360,21,1
27,Female,54,3,6,20,Standard,Quarterly,647,1,1
51,Female,34,7,1,7,Standard,Quarterly,914,20,0
64,Female,24,26,2,23,Basic,Quarterly,890,25,0
56,Male,43,6,2,2,Premium,Annual,692,30,0
62,Female,55,29,8,24,Premium,Annual,991,22,1
22,Female,14,17,8,10,Premium,Monthly,470,30,0
43,Male,51,9,6,14,Premium,Annual,430,17,0
50,Female,41,20,4,11,Standard,Annual,987,16,0
36,Female,50,26,9,18,Standard,Quarterly,362,18,1
63,Female,17,12,9,4,Premium,Monthly,345,13,0
33,Male,46,2,0,15,Basic,Quarterly,145,25,0
32,Female,24,10,1,24,Basic,Quarterly,227,15,1
37,Female,52,8,9,27,Premium,Quarterly,724,2,1
47,Female,17,10,9,0,Premium,Monthly,627,17,0
38,Female,26,28,5,18,Premium,Monthly,307,8,1
25,Male,18,2,3,11,Basic,Annual,867,4,0
31,Female,40,6,8,13,Standard,Quarterly,170,27,0
54,Male,19,15,3,8,Premium,Annual,629,18,0
50,Male,32,6,5,10,Premium,Quarterly,212,19,0
44,Female,22,17,7,0,Premium,Quarterly,873,16,0
34,Male,32,5,8,17,Premium,Annual,817,30,1
19,Male,43,6,5,29,Standard,Monthly,436,2,1
56,Male,53,15,6,19,Standard,Annual,586,15,1
45,Male,52,29,5,25,Premium,Monthly,982,12,1
52,Male,48,8,7,23,Premium,Monthly,258,21,1
29,Female,27,8,7,19,Premium,Quarterly,338,7,1
60,Female,46,18,3,30,Standard,Annual,370,9,1
65,Female,21,15,0,28,Basic,Monthly,606,19,1
64,Male,23,14,3,0,Standard,Monthly,347,25,0
19,Female,35,27,4,7,Standard,Annual,347,6,0
32,Male,2,16,4,19,Premium,Monthly,746,15,0
35,Female,14,6,7,6,Premium,Annual,198,2,0
26,Male,19,22,7,6,Standard,Annual,466,5,0
35,Male,39,11,2,18,Standard,Monthly,103,26,0
30,Male,29,26,10,14,Standard,Monthly,894,6,0
46,Female,16,9,5,25,Premium,Annual,143,29,1
54,Male,24,5,8,19,Premium,Quarterly,247,26,1
39,Male,11,19,8,5,Premium,Quarterly,840,16,0
58,Female,39,4,3,23,Basic,Annual,157,8,1
58,Male,46,1,9,29,Standard,Monthly,817,3,1
65,Female,35,8,2,30,Premium,Monthly,279,26,1
44,Male,59,16,0,8,Standard,Monthly,470,22,0
46,Female,56,2,10,28,Basic,Quarterly,794,30,1
62,Male,44,5,6,2,Basic,Monthly,643,11,1
61,Female,53,5,5,25,Premium,Annual,465,18,1
34,Male,37,18,1,6,Standard,Quarterly,408,26,0
45,Female,48,2,0,3,Basic,Annual,277,6,1
39,Female,41,28,9,28,Premium,Quarterly,587,19,1
38,Female,7,21,6,4,Premium,Annual,784,30,0
20,Female,44,24,7,12,Standard,Monthly,993,16,0
56,Female,36,9,2,29,Premium,Quarterly,184,29,1
29,Female,29,21,7,5,Basic,Quarterly,446,20,0
19,Female,53,29,9,28,Basic,Annual,124,3,1
33,Male,36,4,6,21,Basic,Annual,177,26,1
20,Male,49,30,8,20,Standard,Monthly,837,13,1
24,Male,41,24,10,27,Basic,Quarterly,265,9,1
28,Male,56,26,10,24,Basic,Annual,583,19,1
26,Male,43,7,2,27,Premium,Quarterly,141,5,0
51,Female,13,24,3,30,Basic,Monthly,140,8,1
49,Male,25,22,3,19,Standard,Annual,858,15,0
47,Female,5,18,3,20,Premium,Monthly,244,3,0
62,Female,55,24,9,11,Standard,Quarterly,410,8,0
40,Male,26,3,8,25,Premium,Monthly,149,4,1
60,Female,58,18,8,26,Basic,Annual,942,5,1
25,Female,3,30,9,13,Premium,Quarterly,696,19,0
34,Male,41,13,5,26,Standard,Quarterly,573,20,1
48,Female,12,30,5,4,Basic,Monthly,646,28,0
53,Female,32,7,10,18,Standard,Quarterly,213,30,1
57,Male,33,18,6,27,Basic,Quarterly,324,6,1
26,Male,24,18,10,30,Premium,Monthly,329,22,1
44,Female,30,22,9,19,Standard,Monthly,272,21,1
47,Male,22,21,1,19,Standard,Annual,770,28,0
55,Female,47,30,9,2,Standard,Annual,591,4,0
27,Female,26,28,1,24,Standard,Monthly,785,24,1
32,Female,60,9,10,22,Standard,Monthly,453,27,1
58,Male,52,25,6,18,Basic,Annual,965,8,1
26,Male,38,28,4,1,Premium,Annual,307,26,0
65,Male,25,25,2,27,Premium,Annual,778,10,0
61,Male,34,4,10,3,Premium,Quarterly,926,22,1
18,Male,29,28,9,2,Premium,Monthly,228,16,0
23,Female,36,13,1,25,Basic,Annual,185,22,1
33,Male,33,17,3,7,Basic,Monthly,533,15,0
34,Male,41,13,7,29,Premium,Quarterly,856,8,1
36,Female,58,30,5,19,Basic,Monthly,930,17,1
42,Male,47,26,6,29,Premium,Annual,843,29,1
18,Female,26,18,0,19,Basic,Monthly,947,23,0
57,Male,4,27,9,15,Standard,Annual,890,13,0
43,Female,5,29,1,26,Standard,Monthly,209,7,1
39,Male,43,27,9,25,Basic,Annual,901,14,1
28,Female,24,26,2,4,Basic,Monthly,345,26,0
28,Female,20,9,3,28,Standard,Quarterly,914,25,0
60,Female,34,30,0,13,Basic,Annual,720,28,0
24,Male,40,15,7,27,Premium,Monthly,738,11,1
60,Female,56,16,2,14,Premium,Annual,799,30,0
19,Female,2,23,4,11,Premium,Quarterly,993,14,0
29,Female,39,30,1,17,Basic,Quarterly,890,1,0
48,Female,1,25,5,29,Standard,Annual,899,10,0
48,Male,56,6,2,23,Standard,Quarterly,281,25,0
21,Male,24,14,6,5,Standard,Quarterly,977,1,0
56,Female,43,29,8,19,Premium,Quarterly,634,11,1
57,Male,27,22,5,20,Basic,Annual,836,19,1
24,Male,35,2,1,15,Standard,Quarterly,647,25,0
39,Male,40,1,9,13,Basic,Monthly,252,30,0
56,Female,44,27,2,18,Standard,Annual,327,30,0
60,Male,41,6,6,30,Premium,Monthly,144,29,1
44,Male,39,13,2,4,Standard,Annual,482,23,0
64,Female,56,1,9,0,Basic,Annual,240,20,1
41,Male,16,28,1,4,Premium,Annual,506,16,0
26,Female,37,22,1,1,Premium,Monthly,164,30,0
53,Male,51,4,4,29,Premium,Quarterly,620,20,1
50,Male,23,18,1,26,Standard,Monthly,950,28,0
19,Male,14,15,4,1,Premium,Annual,556,21,0
22,Male,47,15,10,24,Premium,Annual,237,17,1
60,Male,5,6,2,12,Premium,Quarterly,268,1,0
46,Female,3,26,5,21,Standard,Monthly,727,18,1
40,Male,39,20,10,27,Standard,Monthly,339,7,1
51,Female,39,13,3,3,Premium,Annual,865,2,0
40,Female,60,25,8,18,Basic,Monthly,842,29,1
57,Female,58,10,3,22,Standard,Quarterly,166,25,1
63,Female,31,17,5,12,Standard,Monthly,486,28,0
51,Male,9,20,1,8,Premium,Monthly,696,27,0
52,Male,35,18,5,11,Basic,Annual,448,27,0
45,Female,33,12,6,21,Basic,Quarterly,947,14,1
35,Female,1,24,10,22,Standard,Annual,128,11,1
64,Female,17,12,0,28,Basic,Monthly,579,4,1
34,Male,57,6,10,15,Premium,Quarterly,300,9,0
51,Male,27,7,1,17,Basic,Monthly,148,11,0
18,Female,8,30,3,21,Basic,Annual,630,10,0
47,Female,34,20,4,27,Premium,Annual,390,23,1
52,Female,34,9,5,16,Premium,Quarterly,158,22,1
46,Male,34,22,5,23,Standard,Quarterly,320,3,1
47,Male,33,14,10,18,Standard,Annual,738,19,1
46,Male,5,18,4,17,Standard,Monthly,196,28,0
24,Female,34,16,7,27,Premium,Monthly,327,27,1
53,Female,7,13,7,5,Premium,Quarterly,530,22,0
51,Female,50,15,8,23,Premium,Quarterly,455,19,1
32,Female,19,23,1,28,Basic,Annual,843,24,0
33,Female,8,19,8,29,Premium,Quarterly,348,8,1
36,Male,52,27,9,22,Premium,Monthly,853,30,1
32,Male,38,19,5,30,Basic,Monthly,635,10,1
47,Female,45,30,5,23,Standard,Monthly,853,1,1
44,Male,58,7,1,9,Premium,Annual,587,29,0
53,Female,43,2,9,26,Standard,Monthly,842,14,1
65,Female,16,17,10,30,Basic,Quarterly,920,18,0
27,Female,5,17,5,30,Standard,Quarterly,378,4,1
55,Female,40,11,1,28,Premium,Quarterly,422,13,1
58,Female,20,12,5,11,Basic,Annual,768,5,0
52,Male,47,3,8,4,Basic,Annual,381,28,1
55,Female,2,15,0,20,Standard,Monthly,953,19,0
56,Male,19,13,1,21,Basic,Quarterly,814,13,0
21,Male,25,22,10,18,Premium,Quarterly,415,14,1
21,Female,13,1,5,29,Premium,Annual,124,21,1
20,Female,47,3,4,12,Standard,Annual,616,22,0
19,Female,14,24,9,27,Standard,Monthly,180,24,1
51,Male,9,5,6,0,Basic,Quarterly,269,25,1
60,Male,22,1,5,26,Premium,Quarterly,694,28,1
55,Female,43,9,6,8,Premium,Quarterly,742,10,0
33,Female,18,2,3,17,Basic,Quarterly,595,9,0
50,Male,28,25,6,24,Standard,Monthly,504,17,1
25,Female,22,26,8,23,Premium,Quarterly,487,5,1
54,Female,3,17,0,3,Standard,Quarterly,732,4,0
62,Female,28,17,3,16,Standard,Quarterly,655,3,0
40,Male,49,7,6,21,Premium,Annual,619,3,1
34,Female,39,29,0,26,Premium,Monthly,888,14,1
42,Male,40,7,8,17,Premium,Quarterly,337,28,1
55,Female,45,17,10,16,Premium,Monthly,940,13,1
20,Male,49,18,8,29,Standard,Quarterly,367,25,1
32,Female,9,23,4,27,Premium,Annual,717,12,0
29,Female,44,17,9,24,Basic,Quarterly,471,9,1
23,Female,49,27,0,9,Premium,Monthly,956,29,0
63,Male,41,15,10,12,Premium,Monthly,769,1,0
51,Female,46,24,0,17,Basic,Quarterly,306,18,0
40,Male,50,10,10,21,Standard,Monthly,131,21,1
47,Female,57,14,3,28,Basic,Monthly,925,12,1
53,Female,11,13,3,8,Premium,Quarterly,876,15,0
26,Female,41,16,1,27,Basic,Monthly,677,4,1
35,Male,28,30,0,22,Basic,Annual,276,18,0
21,Female,23,10,2,28,Premium,Monthly,871,1,1
61,Male,17,21,5,19,Basic,Monthly,582,28,0
55,Female,1,4,8,15,Premium,Monthly,557,16,1
61,Female,60,19,0,26,Standard,Quarterly,704,20,0
65,Male,8,13,1,27,Basic,Monthly,121,13,0
56,Female,37,12,10,4,Basic,Annual,172,22,0
50,Female,18,11,4,21,Basic,Annual,224,26,1
55,Female,9,25,1,15,Standard,Monthly,829,3,0
44,Female,29,1,5,10,Premium,Quarterly,308,5,0
48,Female,44,6,8,28,Basic,Quarterly,484,8,1
18,Female,13,26,3,13,Standard,Monthly,327,6,0
42,Female,15,18,8,26,Basic,Annual,895,17,0
30,Male,5,4,8,15,Standard,Quarterly,918,11,0
61,Male,25,19,5,18,Standard,Quarterly,789,12,1
25,Female,58,20,7,7,Premium,Quarterly,766,2,0
61,Male,15,26,10,15,Standard,Monthly,324,2,0
58,Male,49,28,7,28,Standard,Annual,221,2,1
27,Male,29,30,6,18,Standard,Monthly,559,27,1
52,Female,33,16,9,22,Standard,Annual,522,25,1
62,Female,27,6,0,13,Premium,Monthly,818,21,0
21,Male,41,17,8,24,Premium,Annual,387,28,1
59,Male,19,1,0,12,Premium,Quarterly,384,18,0
26,Female,21,12,9,21,Basic,Monthly,916,22,1
41,Female,19,25,3,10,Standard,Monthly,434,7,0
59,Male,50,22,5,26,Standard,Quarterly,311,3,1
26,Female,31,9,10,27,Basic,Monthly,607,26,1
34,Female,8,12,0,19,Standard,Annual,852,22,0
57,Male,28,22,10,17,Basic,Annual,624,15,1
18,Female,21,20,5,28,Standard,Monthly,282,27,1
21,Male,45,20,10,17,Standard,Quarterly,771,4,1
63,Female,47,3,7,7,Standard,Quarterly,581,2,1
18,Male,11,5,6,18,Premium,Monthly,364,13,0
65,Female,6,15,9,21,Standard,Monthly,198,13,1
55,Male,12,25,5,0,Basic,Annual,672,25,0
42,Female,6,9,6,2,Basic,Monthly,347,12,0
25,Female,47,21,8,8,Basic,Annual,385,15,0
41,Male,22,3,5,0,Basic,Annual,368,15,0
63,Male,60,16,1,1,Premium,Annual,931,22,0
41,Female,18,5,9,3,Basic,Quarterly,554,5,0
22,Female,36,29,8,16,Standard,Quarterly,338,9,1
32,Female,25,18,10,25,Basic,Monthly,911,4,1
25,Male,14,26,0,1,Premium,Annual,121,30,0
55,Male,49,5,7,10,Basic,Annual,383,22,1
42,Female,47,28,0,22,Standard,Monthly,571,21,1
42,Female,60,9,6,28,Basic,Quarterly,332,3,1
36,Female,60,25,2,21,Premium,Monthly,698,29,1
33,Female,46,12,9,30,Standard,Annual,592,17,1
35,Male,13,28,0,10,Premium,Quarterly,827,2,0
32,Male,27,29,6,17,Standard,Quarterly,682,27,1
23,Male,40,1,7,10,Basic,Monthly,576,10,0
43,Female,14,5,0,10,Standard,Annual,580,30,0
47,Male,12,4,10,18,Standard,Monthly,224,1,0
41,Female,57,3,2,29,Premium,Quarterly,173,9,1
52,Male,26,13,9,21,Basic,Quarterly,141,7,1
33,Male,34,11,7,21,Standard,Quarterly,741,21,1
18,Female,52,9,9,18,Standard,Annual,889,6,1
18,Female,51,7,10,25,Basic,Monthly,159,28,1
34,Male,60,30,10,20,Standard,Quarterly,424,27,1
42,Male,37,5,6,21,Premium,Monthly,800,6,1
19,Male,34,11,8,17,Premium,Annual,190,4,1
45,Female,4,6,9,3,Standard,Quarterly,159,7,0
46,Female,23,19,3,5,Standard,Quarterly,477,10,0
40,Male,13,4,6,8,Standard,Annual,782,3,0
56,Male,59,30,0,5,Standard,Quarterly,222,3,0
37,Male,49,25,1,28,Basic,Monthly,879,10,0
52,Male,38,11,6,26,Basic,Quarterly,363,21,1
37,Female,2,7,3,25,Standard,Annual,415,12,1
38,Male,50,30,3,28,Basic,Quarterly,987,27,0
19,Male,15,23,3,4,Standard,Quarterly,890,3,0
52,Female,11,11,5,14,Basic,Annual,751,23,0
22,Female,48,8,3,7,Basic,Monthly,981,5,0
30,Male,44,21,0,18,Standard,Quarterly,280,14,0
49,Female,35,24,4,12,Basic,Annual,238,1,0
29,Female,53,11,4,29,Basic,Monthly,883,2,1
64,Male,37,24,3,13,Standard,Monthly,368,17,0
60,Female,9,6,7,26,Standard,Quarterly,585,2,0
61,Male,53,30,0,0,Basic,Annual,521,1,0
33,Female,51,26,3,26,Premium,Annual,492,2,1
60,Female,47,4,7,21,Basic,Annual,831,18,1
63,Male,51,25,5,24,Basic,Quarterly,296,11,1
41,Male,53,10,6,14,Premium,Monthly,550,29,0
18,Female,44,21,2,11,Standard,Annual,114,7,0
29,Female,40,9,8,26,Premium,Monthly,311,16,1
65,Female,30,26,6,27,Basic,Annual,416,10,1
50,Female,36,13,1,7,Premium,Annual,679,13,0
62,Male,59,4,5,17,Standard,Quarterly,975,8,1
65,Female,38,2,9,1,Standard,Quarterly,500,16,1
50,Female,30,22,3,19,Standard,Annual,940,30,0
36,Female,18,1,6,5,Premium,Monthly,738,5,0
48,Male,29,1,9,23,Standard,Monthly,896,29,1
30,Male,52,28,5,7,Basic,Quarterly,302,18,0
21,Female,50,17,0,4,Standard,Quarterly,573,7,0
39,Female,15,12,3,8,Standard,Quarterly,221,16,0
21,Male,24,6,8,27,Standard,Quarterly,801,26,1
29,Male,33,1,7,23,Basic,Annual,319,18,1
59,Female,15,2,0,10,Basic,Annual,998,14,0
19,Female,50,12,2,19,Premium,Annual,555,12,0
18,Male,60,30,10,21,Basic,Annual,181,1,1
44,Female,51,18,2,4,Premium,Quarterly,804,27,0
25,Female,60,13,3,23,Premium,Monthly,949,10,1
19,Male,52,8,0,8,Standard,Monthly,432,8,0
62,Female,55,27,5,17,Standard,Quarterly,368,23,1
34,Male,30,8,0,15,Premium,Monthly,552,16,0
62,Male,14,4,5,18,Basic,Monthly,989,6,1
32,Male,47,22,1,9,Standard,Annual,402,16,0
58,Female,40,1,8,3,Premium,Monthly,734,8,1
57,Male,59,21,0,28,Basic,Quarterly,319,8,0
43,Female,29,4,9,6,Premium,Monthly,775,26,0
40,Female,11,13,7,25,Basic,Quarterly,306,7,1
51,Female,5,19,3,20,Premium,Quarterly,746,9,0
58,Male,16,3,1,14,Premium,Monthly,123,18,0
61,Male,51,17,10,29,Standard,Quarterly,229,27,1
35,Male,52,9,2,1,Standard,Annual,216,25,0
53,Male,44,8,9,26,Premium,Monthly,872,10,1
18,Female,28,4,7,20,Premium,Monthly,410,10,1
34,Male,43,12,7,17,Basic,Annual,222,7,1
48,Male,42,30,6,16,Basic,Annual,751,12,1
64,Male,26,9,6,17,Premium,Annual,382,14,1
34,Male,18,6,0,19,Premium,Monthly,700,7,0
55,Female,53,7,0,29,Premium,Annual,637,5,0
34,Male,53,29,1,7,Basic,Quarterly,529,17,0
30,Female,46,9,7,22,Premium,Annual,391,10,1
46,Male,54,13,5,11,Standard,Monthly,209,25,0
63,Female,10,21,0,19,Standard,Monthly,988,7,0
32,Female,16,27,10,23,Premium,Quarterly,349,28,1
54,Male,32,18,3,23,Premium,Quarterly,498,11,0
24,Female,8,30,1,22,Premium,Quarterly,525,25,0
65,Female,27,16,7,25,Standard,Quarterly,631,2,1
64,Female,57,30,9,7,Basic,Annual,779,3,0
53,Female,11,14,4,12,Standard,Quarterly,206,17,0
65,Female,51,28,10,18,Premium,Quarterly,841,26,1
44,Male,39,9,5,14,Basic,Monthly,636,21,0
65,Female,41,13,6,28,Standard,Annual,442,24,1
29,Male,54,29,0,4,Premium,Annual,984,11,0
42,Female,10,23,10,10,Standard,Monthly,546,13,0
54,Male,40,27,2,4,Standard,Annual,645,4,0
28,Male,31,11,8,18,Premium,Monthly,341,1,1
53,Female,39,25,0,22,Premium,Annual,634,17,0
34,Female,5,28,9,17,Basic,Quarterly,699,13,0
37,Female,12,3,7,24,Basic,Monthly,795,7,1
42,Male,53,16,3,0,Basic,Monthly,583,10,0
52,Female,39,18,9,5,Premium,Quarterly,870,5,0
50,Female,22,29,10,14,Basic,Annual,771,6,0
20,Female,52,4,5,27,Basic,Quarterly,609,2,1
23,Female,50,5,3,21,Standard,Annual,981,21,0
63,Male,46,19,6,28,Standard,Monthly,810,12,1
52,Female,48,15,7,2,Standard,Monthly,684,30,0
26,Male,29,29,7,15,Standard,Quarterly,577,16,0
29,Male,28,14,10,24,Basic,Annual,697,29,1
48,Male,47,6,8,27,Premium,Annual,775,27,1
23,Female,60,7,9,19,Premium,Annual,546,21,1
56,Female,16,14,6,13,Standard,Annual,906,25,0
22,Female,24,26,1,26,Premium,Quarterly,226,11,1
31,Male,54,18,8,24,Basic,Quarterly,386,15,1
21,Female,25,13,6,30,Standard,Annual,412,7,1
61,Male,40,14,10,25,Basic,Annual,519,1,1
53,Male,46,10,5,21,Premium,Quarterly,764,1,1
29,Male,4,20,3,14,Premium,Annual,392,7,0
64,Female,37,21,7,28,Standard,Annual,362,26,1
47,Male,59,4,9,19,Standard,Monthly,214,17,1
41,Male,14,6,0,15,Standard,Monthly,541,23,0
19,Female,17,7,8,9,Premium,Annual,351,22,0
37,Male,37,29,8,24,Premium,Monthly,508,22,1
60,Female,2,22,6,26,Standard,Annual,752,2,0
57,Female,18,29,10,1,Standard,Quarterly,311,1,0
19,Female,21,9,4,6,Premium,Annual,947,30,0
50,Male,59,18,6,26,Standard,Annual,474,21,1
34,Female,12,1,7,10,Basic,Annual,240,21,1
50,Female,19,6,3,30,Standard,Annual,809,29,0
58,Female,2,3,9,5,Premium,Annual,756,19,1
53,Female,4,4,2,4,Basic,Annual,861,25,0
32,Female,11,28,4,11,Premium,Quarterly,184,7,0
58,Male,42,16,7,26,Basic,Quarterly,899,24,1
54,Female,41,12,10,4,Standard,Annual,300,9,0
31,Male,54,13,2,12,Premium,Monthly,936,19,0
63,Female,36,21,6,27,Basic,Quarterly,174,29,1
26,Female,47,13,8,17,Basic,Quarterly,974,12,1
40,Male,59,10,8,22,Standard,Monthly,144,19,1
20,Female,3,27,4,0,Premium,Annual,723,11,0
45,Male,42,23,1,14,Premium,Annual,650,2,0
53,Female,46,24,3,23,Basic,Monthly,535,22,1
57,Male,36,25,5,17,Basic,Quarterly,806,11,1
44,Female,54,20,9,10,Basic,Monthly,467,24,0
22,Male,13,2,4,10,Standard,Monthly,595,29,0
37,Male,9,29,10,30,Standard,Monthly,732,22,0
20,Male,60,29,7,22,Standard,Quarterly,298,23,1
56,Male,28,29,2,23,Basic,Monthly,522,19,0
36,Female,59,15,1,30,Basic,Monthly,276,22,1
44,Male,43,23,3,8,Standard,Quarterly,383,23,0
60,Female,60,6,7,13,Basic,Monthly,692,11,0
65,Female,34,29,8,4,Premium,Monthly,643,18,0
56,Female,41,18,2,17,Basic,Quarterly,429,10,0
63,Female,33,22,5,12,Premium,Monthly,442,27,0
19,Female,50,25,3,24,Basic,Monthly,402,4,1
29,Male,35,5,9,17,Premium,Quarterly,649,13,1
65,Female,40,19,10,15,Premium,Monthly,278,7,0
35,Male,40,1,1,21,Premium,Monthly,430,13,0
56,Female,40,21,10,20,Standard,Monthly,487,17,1
53,Female,13,18,7,27,Premium,Annual,420,19,1
58,Female,30,17,6,24,Premium,Quarterly,534,8,1
62,Male,44,21,8,19,Standard,Monthly,546,16,1
38,Male,46,9,6,18,Premium,Monthly,204,12,1
59,Female,8,20,6,28,Premium,Quarterly,368,20,1
25,Male,16,16,0,26,Standard,Quarterly,979,10,0
44,Male,20,11,9,11,Standard,Annual,274,30,0
46,Female,25,13,1,22,Standard,Monthly,587,14,1
19,Female,57,10,2,30,Standard,Monthly,936,9,1
57,Male,51,15,5,17,Basic,Monthly,401,19,1
46,Female,49,28,6,27,Standard,Quarterly,674,3,1
51,Male,33,7,9,21,Standard,Annual,957,19,1
39,Female,36,28,3,18,Standard,Monthly,312,26,0
48,Female,56,6,1,16,Basic,Quarterly,514,20,0
64,Female,27,10,5,13,Standard,Quarterly,269,24,0
63,Female,51,28,9,23,Basic,Monthly,959,25,1
52,Female,23,3,10,25,Basic,Annual,777,3,1
41,Male,24,20,5,21,Basic,Monthly,427,21,1
34,Male,59,24,9,22,Basic,Monthly,849,2,1
58,Female,10,25,7,8,Standard,Monthly,309,9,0
26,Female,60,7,7,5,Basic,Annual,347,1,0
64,Female,26,13,8,30,Premium,Annual,337,2,1
44,Female,46,26,10,17,Basic,Monthly,565,2,1
29,Male,35,26,7,21,Premium,Monthly,337,14,1
51,Male,25,29,10,21,Premium,Quarterly,858,1,1
51,Female,49,25,9,17,Premium,Quarterly,706,3,1
59,Female,46,2,0,11,Standard,Annual,135,28,1
34,Male,7,25,7,10,Basic,Annual,817,29,0
50,Male,33,16,6,17,Standard,Monthly,137,26,1
22,Female,44,1,5,19,Basic,Annual,908,21,1
34,Male,55,1,7,14,Premium,Monthly,247,15,0
18,Male,29,10,4,4,Premium,Quarterly,506,17,0
21,Female,8,19,9,24,Basic,Annual,544,18,0
60,Male,17,19,1,13,Standard,Annual,611,12,0
47,Female,37,12,10,20,Premium,Annual,342,20,1
55,Female,44,9,9,30,Standard,Quarterly,751,22,1
51,Female,50,6,2,22,Standard,Annual,361,10,1
33,Female,20,24,9,1,Premium,Annual,320,19,0
27,Male,53,19,7,20,Premium,Monthly,252,4,1
35,Female,17,16,2,2,Standard,Quarterly,989,21,0
32,Female,49,9,9,19,Premium,Annual,859,20,1
59,Female,58,5,4,29,Standard,Annual,569,25,1
63,Male,31,24,3,13,Basic,Monthly,234,13,0
29,Male,55,13,9,16,Premium,Annual,339,9,1
21,Male,3,24,9,3,Standard,Quarterly,355,18,0
43,Male,26,18,4,24,Premium,Monthly,652,13,0
25,Male,20,13,0,22,Premium,Quarterly,747,2,0
21,Female,33,4,8,17,Premium,Annual,949,18,1
37,Male,45,12,1,11,Standard,Quarterly,907,14,0
25,Female,31,5,0,11,Premium,Annual,560,28,0
59,Female,11,26,8,21,Basic,Monthly,815,29,1
33,Male,56,20,6,18,Basic,Annual,248,6,1
45,Male,13,20,0,8,Basic,Monthly,692,8,0
65,Female,33,13,6,6,Standard,Monthly,599,21,0
30,Female,7,6,0,23,Basic,Monthly,756,27,1
40,Female,23,16,9,9,Premium,Quarterly,697,6,0
46,Female,28,17,1,3,Premium,Quarterly,757,16,0
45,Female,60,15,7,18,Premium,Annual,323,21,1
53,Male,23,27,2,16,Basic,Annual,759,24,0
54,Female,37,30,7,19,Premium,Monthly,531,21,1
33,Female,20,14,10,11,Premium,Quarterly,367,1,0
30,Female,51,21,2,17,Basic,Annual,284,13,0
27,Male,43,5,3,18,Basic,Quarterly,916,6,0
20,Female,59,16,10,25,Premium,Monthly,620,10,1
53,Male,7,25,10,15,Premium,Monthly,435,15,0
44,Male,6,30,2,1,Basic,Quarterly,883,6,0
25,Female,35,17,9,20,Standard,Quarterly,353,19,1
29,Male,53,15,5,24,Basic,Quarterly,581,5,1
19,Male,28,4,1,7,Basic,Annual,297,15,0
45,Male,28,26,4,21,Basic,Annual,399,6,0
42,Female,48,5,5,20,Standard,Annual,964,29,1
50,Male,29,13,10,27,Standard,Annual,302,7,1
32,Female,23,13,4,18,Basic,Annual,473,6,0
40,Female,32,8,5,8,Standard,Monthly,614,21,0
61,Female,57,1,9,8,Premium,Annual,288,5,1
39,Male,46,28,0,25,Premium,Annual,581,25,0
56,Female,34,16,2,0,Standard,Annual,451,27,0
41,Male,55,8,9,16,Basic,Quarterly,716,2,1
38,Female,51,2,6,9,Premium,Annual,136,19,1
38,Male,52,27,6,24,Premium,Monthly,848,17,1
57,Male,41,24,7,20,Basic,Monthly,557,18,1
27,Male,8,6,0,28,Premium,Annual,918,12,0
23,Male,30,5,5,24,Basic,Monthly,863,15,1
26,Female,22,21,1,30,Premium,Monthly,494,13,1
21,Female,28,2,7,22,Basic,Quarterly,930,28,1
24,Female,46,26,5,15,Basic,Quarterly,504,20,0
47,Male,5,28,5,28,Standard,Monthly,499,25,0
52,Male,5,12,1,11,Basic,Monthly,804,25,0
32,Male,41,21,4,18,Basic,Annual,545,23,0
47,Male,9,10,4,2,Premium,Annual,399,14,0
22,Female,53,8,7,23,Premium,Annual,189,6,1
24,Male,17,21,5,10,Premium,Annual,783,13,0
63,Male,60,13,9,30,Standard,Monthly,603,30,1
33,Female,22,25,1,11,Standard,Quarterly,807,12,0
53,Male,5,27,0,15,Premium,Annual,749,18,0
41,Male,30,7,1,6,Basic,Quarterly,300,22,0
47,Female,44,16,2,17,Basic,Quarterly,924,4,0
40,Female,1,30,3,9,Premium,Annual,231,2,0
41,Female,12,10,3,21,Premium,Monthly,146,16,1
58,Male,34,21,8,9,Premium,Annual,899,19,0
55,Female,47,30,4,13,Standard,Monthly,261,8,0
33,Female,10,17,10,2,Basic,Quarterly,324,26,0
40,Male,16,18,5,23,Standard,Quarterly,405,4,0
61,Male,20,2,6,18,Premium,Annual,734,7,1
29,Female,56,26,9,26,Standard,Monthly,707,14,1
59,Male,42,25,7,8,Premium,Monthly,736,6,0
41,Male,33,8,2,15,Premium,Annual,559,14,0
53,Male,46,6,6,22,Standard,Annual,328,16,1
49,Female,55,7,0,24,Premium,Monthly,591,3,1
59,Male,29,7,8,17,Basic,Quarterly,695,22,1
23,Male,50,14,7,7,Standard,Monthly,534,17,0
25,Female,5,15,9,25,Basic,Monthly,850,3,1
65,Female,40,28,9,14,Premium,Quarterly,500,22,0
49,Female,42,2,5,2,Basic,Annual,800,16,0
20,Female,13,8,7,0,Premium,Monthly,930,2,0
34,Male,20,12,2,29,Premium,Annual,202,19,0
19,Female,15,30,4,2,Standard,Monthly,578,23,0
60,Female,13,14,10,24,Standard,Monthly,762,29,1
53,Male,43,16,7,30,Basic,Monthly,195,17,1
48,Male,6,26,6,21,Premium,Quarterly,362,14,0
36,Male,16,9,3,7,Standard,Monthly,488,27,0
27,Male,31,26,8,19,Standard,Annual,864,21,1
48,Male,2,2,0,3,Standard,Annual,228,15,1
47,Male,16,23,3,24,Basic,Annual,253,7,0
48,Male,47,1,7,21,Basic,Quarterly,534,10,1
62,Female,33,6,4,25,Basic,Annual,384,8,1
30,Male,57,12,6,29,Standard,Quarterly,350,3,1
33,Male,50,3,6,27,Basic,Annual,878,5,1
21,Female,4,29,6,24,Standard,Quarterly,471,10,1
61,Male,28,1,0,17,Premium,Annual,679,16,0
27,Male,53,12,5,19,Standard,Annual,328,12,1
48,Female,43,9,6,21,Basic,Quarterly,763,19,1
23,Female,58,1,9,0,Basic,Quarterly,737,21,0
39,Female,54,4,1,24,Standard,Monthly,959,28,1
57,Male,12,20,5,18,Premium,Monthly,983,10,0
65,Male,37,19,2,1,Premium,Quarterly,768,15,0
19,Female,14,16,9,11,Basic,Quarterly,429,24,0
40,Female,53,3,0,18,Premium,Monthly,788,19,0
62,Female,26,30,7,7,Premium,Annual,354,30,0
54,Female,7,30,2,21,Basic,Monthly,162,27,1
38,Female,36,9,1,10,Basic,Monthly,205,17,0
38,Male,36,27,0,30,Premium,Quarterly,878,17,0
42,Male,54,17,6,21,Basic,Quarterly,792,19,1
52,Male,22,29,10,27,Premium,Monthly,577,16,0
52,Female,60,6,5,18,Basic,Monthly,796,14,1
28,Male,56,7,2,25,Basic,Monthly,854,26,0
64,Female,24,27,4,17,Premium,Monthly,447,21,0
56,Male,11,12,5,21,Premium,Quarterly,287,22,0
19,Male,27,4,6,8,Premium,Annual,923,20,0
27,Male,55,27,7,10,Basic,Annual,605,16,0
46,Female,11,10,10,26,Standard,Annual,993,18,0
53,Female,38,19,6,25,Basic,Quarterly,195,15,1
26,Female,47,1,3,17,Basic,Quarterly,733,30,0
29,Male,51,28,5,16,Basic,Monthly,549,13,1
25,Male,24,24,3,3,Standard,Annual,161,11,0
35,Male,31,12,10,13,Standard,Monthly,896,25,0
32,Female,34,18,2,12,Premium,Quarterly,644,21,0
23,Female,29,15,6,17,Premium,Annual,721,5,1
24,Male,3,28,7,8,Basic,Quarterly,282,26,0
27,Female,17,30,5,5,Standard,Annual,428,2,0
43,Female,2,29,6,28,Standard,Quarterly,861,18,0
35,Male,57,28,3,17,Premium,Quarterly,937,3,0
47,Female,9,27,3,4,Premium,Quarterly,711,23,0
49,Female,3,16,8,27,Basic,Quarterly,164,17,1
56,Female,50,11,0,18,Standard,Monthly,864,6,0
28,Female,20,4,10,12,Basic,Annual,370,12,0
65,Female,28,5,4,7,Premium,Monthly,679,20,1
27,Male,57,15,10,6,Premium,Monthly,620,15,0
22,Male,9,11,3,23,Basic,Monthly,634,15,0
23,Male,36,13,10,26,Basic,Annual,812,22,1
27,Male,57,4,10,20,Premium,Annual,699,4,1
65,Female,5,6,1,1,Premium,Annual,501,14,0
30,Female,45,30,9,16,Premium,Monthly,149,16,1
39,Female,55,14,8,22,Basic,Monthly,744,2,1
38,Female,29,30,10,4,Basic,Annual,320,11,0
39,Male,41,14,8,23,Basic,Monthly,847,16,1
61,Male,11,8,8,16,Standard,Quarterly,620,29,0
59,Female,30,28,8,16,Premium,Quarterly,964,29,1
56,Male,32,1,3,29,Premium,Monthly,271,9,0
62,Male,25,13,7,18,Standard,Annual,776,26,1
39,Male,8,22,7,27,Standard,Annual,851,17,0
50,Female,39,25,9,28,Standard,Monthly,587,12,1
48,Female,39,9,7,0,Premium,Annual,595,1,0
41,Male,9,6,4,11,Standard,Quarterly,464,28,0
35,Male,48,18,1,22,Premium,Monthly,383,13,0
28,Female,56,19,2,29,Premium,Monthly,551,1,1
26,Female,3,3,1,6,Basic,Annual,241,5,1
27,Male,11,21,10,3,Basic,Quarterly,658,28,0
20,Female,32,3,10,16,Standard,Annual,416,28,1
41,Male,20,6,9,15,Basic,Annual,291,21,0
24,Female,20,27,3,21,Premium,Monthly,335,6,1
48,Female,9,3,8,4,Premium,Quarterly,146,5,0
37,Male,26,23,10,22,Premium,Quarterly,618,20,1
33,Female,20,21,9,6,Premium,Quarterly,262,6,0
30,Female,26,12,8,10,Premium,Monthly,152,30,0
35,Female,31,14,4,24,Premium,Quarterly,228,4,1
56,Male,46,20,9,14,Premium,Quarterly,473,30,0
64,Female,13,15,2,28,Premium,Quarterly,497,5,1
30,Female,21,6,0,25,Basic,Monthly,455,6,1
55,Male,33,4,7,1,Basic,Quarterly,905,27,1
60,Female,47,27,8,20,Premium,Annual,672,29,1
61,Female,50,21,0,2,Premium,Annual,650,21,0
20,Female,9,27,9,23,Premium,Quarterly,447,12,1
53,Male,9,23,6,18,Standard,Annual,859,6,0
19,Female,49,15,5,20,Premium,Monthly,264,6,1
53,Female,10,9,8,15,Standard,Quarterly,577,5,0
39,Male,59,27,0,17,Standard,Monthly,548,14,0
65,Male,4,15,0,23,Standard,Annual,721,18,0
65,Female,57,10,2,22,Standard,Monthly,977,15,1
22,Female,37,9,6,1,Basic,Quarterly,742,30,0
27,Male,34,28,10,17,Premium,Quarterly,774,23,1
61,Male,7,26,4,25,Standard,Monthly,264,29,0
42,Male,9,15,3,24,Premium,Annual,591,22,0
47,Female,37,20,8,16,Premium,Monthly,641,2,1
35,Female,28,19,9,17,Standard,Monthly,388,30,1
44,Male,49,25,10,30,Standard,Monthly,119,9,1
55,Female,38,3,4,3,Premium,Annual,310,4,1
22,Female,7,21,6,15,Standard,Quarterly,509,2,0
38,Female,27,9,7,13,Premium,Quarterly,321,14,0
64,Female,44,18,2,6,Basic,Annual,492,14,0
50,Male,10,9,7,23,Basic,Monthly,555,15,0
24,Female,60,13,2,15,Standard,Quarterly,580,1,0
52,Female,8,16,0,25,Basic,Quarterly,246,4,1
61,Female,29,8,6,25,Basic,Monthly,657,17,1
46,Male,35,8,1,17,Premium,Quarterly,909,8,0
49,Male,34,15,4,6,Basic,Annual,921,2,0
59,Female,25,2,4,20,Basic,Annual,322,3,1
22,Female,37,3,9,22,Standard,Monthly,403,15,1
38,Male,5,2,5,22,Basic,Quarterly,652,5,1
24,Male,48,15,10,29,Standard,Monthly,447,10,1
21,Female,11,28,4,21,Standard,Annual,163,4,1
58,Male,24,28,4,24,Standard,Quarterly,607,20,0
38,Female,19,2,3,3,Basic,Quarterly,234,4,0
26,Female,43,26,4,23,Standard,Annual,294,18,1
20,Male,19,10,5,11,Basic,Quarterly,644,8,0
26,Male,45,29,9,24,Standard,Monthly,770,28,1
53,Male,24,17,1,23,Premium,Quarterly,736,12,0
58,Female,4,3,0,21,Basic,Quarterly,914,20,1
61,Male,25,20,8,8,Basic,Quarterly,132,13,0
26,Male,11,7,4,23,Basic,Annual,837,25,0
37,Female,39,18,6,8,Standard,Quarterly,450,25,0
54,Female,42,21,10,19,Premium,Annual,440,17,1
52,Female,42,4,4,15,Premium,Quarterly,851,25,1
63,Male,17,13,7,19,Basic,Quarterly,807,11,0
29,Male,2,22,2,10,Premium,Monthly,669,21,0
48,Male,37,21,8,24,Standard,Monthly,964,21,1
47,Male,29,22,3,15,Standard,Annual,880,11,0
58,Female,17,23,6,28,Premium,Annual,146,23,1
55,Female,48,6,4,10,Premium,Monthly,681,25,0
55,Male,39,15,10,2,Standard,Annual,167,7,0
22,Female,35,25,1,10,Basic,Monthly,467,14,0
37,Female,15,8,9,15,Basic,Annual,981,21,0
41,Female,40,7,1,11,Premium,Monthly,345,25,0
19,Female,47,12,7,28,Standard,Annual,310,9,1
38,Female,59,13,9,2,Basic,Annual,387,24,0
37,Male,60,4,9,23,Basic,Annual,156,14,1
24,Female,45,19,0,27,Premium,Annual,422,13,1
46,Male,38,20,5,19,Standard,Quarterly,546,25,1
23,Female,10,15,8,10,Premium,Monthly,450,14,0
42,Male,51,10,9,11,Basic,Monthly,820,17,0
46,Female,60,8,4,23,Premium,Monthly,499,29,1
52,Female,55,26,8,0,Basic,Quarterly,875,23,0
18,Male,15,4,10,14,Standard,Quarterly,133,17,0
56,Female,43,13,7,28,Premium,Monthly,327,5,1
28,Female,17,1,3,23,Basic,Monthly,299,4,1
59,Female,35,21,7,24,Basic,Annual,650,11,1
28,Female,32,10,7,30,Basic,Annual,745,16,1
52,Male,21,14,9,14,Basic,Annual,354,11,0
52,Male,15,21,10,11,Standard,Quarterly,124,11,0
52,Female,52,12,10,17,Premium,Annual,269,6,1
32,Female,11,29,6,30,Basic,Monthly,172,17,1
20,Female,34,7,10,30,Standard,Annual,471,23,1
48,Male,59,19,10,2,Basic,Annual,781,28,0
51,Male,28,20,3,21,Premium,Quarterly,790,19,0
37,Female,25,18,5,17,Premium,Annual,811,19,1
64,Female,32,3,5,8,Premium,Monthly,487,4,1
26,Male,57,13,5,25,Basic,Annual,892,25,1
59,Female,55,24,7,21,Basic,Monthly,313,6,1
33,Female,23,9,8,26,Premium,Monthly,120,19,1
52,Female,35,28,9,8,Premium,Monthly,274,26,0
58,Male,12,24,5,8,Basic,Monthly,528,4,0
41,Male,23,7,5,26,Premium,Quarterly,124,21,0
54,Male,49,28,1,21,Basic,Quarterly,290,27,0
25,Male,58,1,7,10,Standard,Quarterly,752,18,0
27,Female,24,6,7,27,Premium,Monthly,695,3,1
32,Female,17,27,6,12,Premium,Monthly,321,26,0
58,Male,48,1,5,13,Basic,Monthly,782,1,1
39,Male,45,17,0,28,Basic,Monthly,991,28,0
25,Female,45,21,5,30,Premium,Quarterly,131,15,1
63,Female,25,28,7,4,Basic,Quarterly,383,1,0
24,Female,40,29,0,18,Basic,Annual,380,13,0
36,Female,12,11,2,15,Premium,Annual,749,11,0
30,Male,48,8,1,13,Standard,Quarterly,896,5,0
48,Male,6,6,8,11,Premium,Quarterly,873,13,0
56,Female,3,20,2,25,Premium,Monthly,337,29,1
21,Female,54,25,7,0,Basic,Quarterly,124,5,0
35,Male,24,19,7,18,Basic,Monthly,826,25,1
37,Male,28,24,10,14,Basic,Quarterly,528,7,0
34,Male,54,2,8,20,Basic,Annual,618,16,1
60,Female,55,23,10,7,Basic,Annual,172,7,0
32,Male,16,28,3,17,Basic,Annual,745,14,0
29,Male,18,14,6,11,Standard,Monthly,247,26,0
61,Female,30,8,3,29,Basic,Annual,455,4,1
47,Female,38,14,10,19,Premium,Quarterly,674,7,1
45,Male,25,6,7,9,Basic,Quarterly,957,26,0
30,Female,52,9,3,28,Standard,Annual,151,30,1
35,Male,16,2,6,4,Premium,Monthly,186,2,0
46,Male,24,1,1,7,Standard,Annual,996,12,0
49,Male,55,14,3,7,Standard,Quarterly,208,17,0
33,Female,6,2,10,28,Standard,Monthly,210,2,1
30,Male,43,22,8,22,Standard,Annual,325,14,1
37,Male,32,12,7,21,Basic,Quarterly,489,18,1
31,Female,40,7,6,27,Standard,Annual,631,27,1
29,Female,32,22,10,24,Basic,Annual,339,29,1
26,Female,27,11,6,27,Premium,Quarterly,460,19,1
26,Male,44,16,3,16,Basic,Annual,889,18,0
42,Male,51,13,9,5,Basic,Quarterly,769,14,0
54,Female,57,5,7,24,Standard,Monthly,156,4,1
23,Female,27,27,6,29,Basic,Quarterly,710,23,1
60,Male,39,14,5,26,Standard,Annual,266,14,1
65,Female,23,22,9,30,Standard,Monthly,716,8,1
27,Male,54,19,0,15,Premium,Quarterly,843,3,0
55,Male,43,22,5,4,Premium,Monthly,154,16,0
26,Female,14,21,10,10,Basic,Quarterly,808,2,0
58,Male,22,28,8,1,Premium,Quarterly,828,23,0
64,Male,41,7,2,7,Premium,Monthly,559,3,0
58,Male,46,29,1,5,Standard,Monthly,236,15,0
62,Male,50,27,3,18,Premium,Quarterly,903,15,0
53,Female,46,5,10,20,Basic,Monthly,733,3,1
37,Male,13,11,8,23,Premium,Monthly,759,26,0
48,Female,23,28,4,23,Standard,Annual,359,5,1
57,Female,20,6,1,17,Premium,Annual,798,6,0
46,Male,12,1,0,19,Basic,Annual,244,21,1
26,Female,26,24,5,27,Basic,Annual,456,18,1
54,Male,49,14,10,23,Standard,Quarterly,935,17,1
39,Male,27,15,7,4,Standard,Monthly,903,20,0
56,Male,25,4,1,27,Standard,Quarterly,929,4,0
60,Female,11,5,1,28,Standard,Quarterly,118,25,1
63,Female,58,19,8,29,Standard,Monthly,470,27,1
27,Male,60,8,2,6,Standard,Quarterly,532,14,0
22,Female,19,30,10,21,Premium,Monthly,773,14,1
55,Male,55,17,10,20,Premium,Annual,602,29,1
39,Male,56,12,5,27,Standard,Monthly,563,20,1
52,Female,37,17,9,28,Basic,Monthly,891,13,1
55,Female,28,18,10,26,Standard,Monthly,762,26,1
42,Male,57,28,9,7,Standard,Monthly,215,17,0
19,Female,46,4,1,8,Premium,Monthly,213,11,0
20,Female,44,28,10,1,Standard,Annual,379,14,0
59,Male,58,22,8,8,Basic,Quarterly,467,30,0
37,Female,24,18,6,5,Standard,Monthly,802,6,0
22,Female,20,13,9,22,Basic,Quarterly,777,29,0
20,Female,21,2,1,24,Premium,Annual,202,10,1
53,Female,14,15,1,28,Basic,Quarterly,438,25,1
27,Female,58,3,7,18,Basic,Annual,928,28,1
38,Male,34,5,6,25,Premium,Monthly,607,13,1
61,Male,5,14,7,0,Basic,Quarterly,540,29,0
47,Female,15,27,6,26,Premium,Quarterly,582,26,0
40,Female,9,2,6,0,Standard,Quarterly,249,15,0
56,Male,5,23,8,7,Standard,Monthly,388,10,0
24,Male,47,19,6,6,Basic,Monthly,291,7,0
42,Female,46,16,8,26,Standard,Quarterly,196,21,1
49,Male,50,16,7,23,Standard,Monthly,502,15,1
54,Male,20,25,1,5,Standard,Monthly,607,9,0
35,Female,48,7,9,23,Standard,Quarterly,569,27,1
39,Female,36,12,1,3,Premium,Annual,783,7,0
45,Female,14,27,7,4,Premium,Monthly,676,20,0
28,Male,33,7,6,16,Premium,Monthly,855,10,1
22,Female,50,1,10,18,Standard,Quarterly,713,14,1
53,Female,2,7,7,15,Premium,Annual,795,5,0
61,Female,52,16,6,23,Premium,Monthly,621,1,1
37,Male,14,27,9,15,Basic,Monthly,926,17,0
49,Male,47,3,6,10,Basic,Annual,891,26,0
24,Female,39,30,5,26,Premium,Monthly,765,29,1
35,Male,15,3,9,3,Basic,Quarterly,606,25,0
47,Male,11,12,7,18,Premium,Monthly,553,14,0
58,Female,45,29,10,26,Standard,Quarterly,910,5,1
63,Female,15,8,0,17,Premium,Annual,539,12,0
34,Female,38,26,8,22,Standard,Quarterly,516,25,1
48,Male,51,19,7,20,Standard,Quarterly,542,10,1
38,Female,42,1,2,17,Basic,Quarterly,919,29,0
56,Male,22,6,5,28,Premium,Annual,567,19,0
44,Male,45,23,6,19,Basic,Annual,239,2,1
35,Female,50,29,9,5,Standard,Quarterly,232,1,0
61,Female,11,10,1,23,Standard,Annual,787,19,0
63,Female,9,1,4,23,Basic,Monthly,971,21,1
64,Female,37,1,8,16,Standard,Monthly,202,19,1
51,Male,43,17,7,6,Basic,Quarterly,782,15,0
19,Female,36,15,3,26,Standard,Quarterly,817,23,0
60,Female,32,20,1,21,Standard,Annual,332,18,1
45,Male,48,17,10,26,Premium,Quarterly,764,8,1
44,Female,55,24,10,19,Standard,Annual,245,13,1
38,Female,40,9,6,12,Basic,Quarterly,296,27,0
30,Male,28,17,4,12,Basic,Annual,997,19,0
24,Male,4,1,0,23,Standard,Monthly,471,18,0
64,Male,52,15,7,19,Standard,Annual,252,16,1
49,Male,51,8,5,8,Standard,Annual,386,5,0
19,Female,52,13,4,27,Standard,Monthly,196,28,1
38,Male,57,7,1,30,Premium,Monthly,556,18,0
49,Male,54,19,9,29,Standard,Quarterly,852,14,1
49,Female,30,19,5,30,Basic,Annual,228,20,1
57,Male,49,16,1,5,Premium,Quarterly,860,8,0
26,Female,55,11,5,28,Basic,Quarterly,350,3,1
43,Female,56,7,9,10,Basic,Annual,320,21,0
38,Female,32,24,3,17,Standard,Monthly,724,16,0
35,Male,25,25,7,22,Standard,Quarterly,785,29,1
21,Female,4,14,0,26,Premium,Annual,907,10,0
56,Male,2,5,4,15,Standard,Quarterly,680,13,1
54,Male,3,17,8,29,Premium,Quarterly,619,14,0
46,Female,41,3,3,29,Standard,Quarterly,864,17,0
46,Male,30,18,7,23,Basic,Annual,163,11,1
33,Female,1,30,0,13,Basic,Monthly,854,6,0
39,Male,10,24,1,20,Basic,Annual,457,19,0
20,Female,25,10,2,25,Premium,Monthly,161,23,1
20,Male,23,16,0,28,Basic,Monthly,155,14,0
55,Male,51,13,9,20,Standard,Monthly,594,19,1
31,Female,3,30,8,28,Standard,Monthly,676,24,1
37,Female,14,13,0,23,Premium,Quarterly,295,19,1
24,Female,60,18,6,29,Basic,Quarterly,144,4,1
40,Female,12,29,6,30,Standard,Quarterly,272,13,1
64,Male,43,23,1,22,Basic,Quarterly,481,25,0
35,Female,50,29,0,13,Standard,Annual,783,28,0
63,Male,30,6,8,24,Standard,Quarterly,816,22,1
62,Female,53,5,10,1,Basic,Monthly,915,27,1
63,Female,55,12,4,15,Premium,Monthly,670,27,0
31,Female,50,24,0,9,Basic,Monthly,400,12,0
29,Female,50,22,2,30,Standard,Monthly,901,5,1
62,Female,44,13,0,1,Basic,Monthly,104,2,0
42,Female,50,15,7,21,Standard,Monthly,531,3,1
24,Female,29,29,9,23,Standard,Monthly,322,3,1
25,Male,6,5,10,29,Premium,Monthly,823,6,0
55,Male,47,27,10,20,Premium,Monthly,387,27,1
57,Male,11,1,10,18,Basic,Annual,680,7,1
56,Male,56,24,4,30,Basic,Quarterly,820,11,0
61,Male,26,14,8,21,Standard,Monthly,933,18,1
54,Female,13,14,10,24,Premium,Monthly,537,28,1
40,Female,10,23,0,23,Basic,Monthly,407,14,1
55,Male,32,19,10,16,Premium,Quarterly,982,18,1
22,Female,57,15,0,10,Premium,Quarterly,656,27,0
19,Male,34,2,3,20,Basic,Quarterly,149,11,0
45,Female,14,4,8,5,Standard,Monthly,333,29,0
46,Female,2,8,4,9,Premium,Annual,313,3,0
48,Female,60,9,2,19,Premium,Annual,759,18,0
57,Male,46,29,8,9,Premium,Monthly,815,4,0
27,Male,13,24,10,28,Basic,Annual,312,21,0
29,Female,48,10,6,23,Standard,Monthly,270,19,1
23,Female,15,26,5,10,Basic,Annual,861,1,0
25,Female,58,10,3,10,Premium,Annual,908,3,0
59,Female,16,27,1,16,Standard,Quarterly,224,22,0
25,Female,57,12,4,10,Premium,Annual,123,5,0
22,Female,37,6,8,17,Basic,Quarterly,212,12,1
52,Female,35,17,1,12,Basic,Quarterly,225,17,0
40,Female,52,13,0,27,Standard,Monthly,368,29,1
40,Male,22,9,1,27,Basic,Annual,598,6,0
52,Male,59,2,8,10,Basic,Quarterly,915,22,1
39,Male,59,15,10,23,Premium,Quarterly,678,20,1
55,Male,48,30,2,27,Basic,Monthly,238,7,0
57,Male,23,16,1,22,Basic,Annual,600,30,0
22,Female,41,14,10,26,Basic,Annual,320,23,1
21,Male,53,1,3,5,Standard,Annual,760,23,0
50,Male,32,11,8,12,Basic,Quarterly,959,10,0
26,Male,26,28,5,16,Basic,Annual,198,27,1
55,Female,41,1,9,18,Standard,Monthly,738,10,1
28,Female,26,13,5,17,Standard,Annual,216,14,1
52,Female,37,6,10,30,Basic,Quarterly,282,9,1
27,Female,38,16,9,15,Standard,Quarterly,933,25,0
19,Male,55,14,9,19,Standard,Quarterly,106,1,1
46,Male,28,2,7,17,Basic,Quarterly,181,13,1
20,Female,38,16,6,18,Standard,Monthly,548,28,1
39,Male,40,22,0,1,Standard,Annual,811,12,0
28,Male,30,13,9,7,Standard,Quarterly,912,25,0
39,Male,52,10,10,16,Basic,Monthly,245,19,1
51,Female,26,10,7,3,Basic,Annual,283,22,0
39,Male,27,30,9,26,Basic,Quarterly,294,10,1
40,Male,58,6,6,5,Standard,Annual,836,5,0
37,Female,60,21,8,25,Standard,Annual,167,3,1
59,Female,3,3,5,3,Premium,Monthly,244,25,1
61,Male,29,27,0,17,Basic,Monthly,533,29,0
44,Female,27,26,1,13,Standard,Monthly,123,12,0
43,Female,29,5,3,9,Basic,Quarterly,441,18,0
58,Female,19,1,0,18,Standard,Quarterly,812,8,0
19,Female,41,9,5,18,Basic,Quarterly,348,6,1
33,Female,35,4,5,25,Basic,Annual,709,26,1
47,Female,21,10,0,26,Premium,Annual,476,26,1
48,Male,47,13,0,19,Premium,Annual,591,2,0
18,Male,47,16,6,26,Standard,Monthly,588,17,1
49,Female,35,18,5,28,Premium,Annual,918,24,1
21,Male,55,24,1,7,Standard,Annual,767,10,0
61,Female,40,26,4,19,Standard,Monthly,846,1,0
36,Female,38,9,0,2,Premium,Quarterly,387,9,0
21,Male,45,30,1,30,Standard,Monthly,951,5,0
32,Female,6,23,1,26,Standard,Quarterly,153,9,1
51,Female,36,24,3,6,Standard,Quarterly,369,18,0
29,Female,51,30,9,30,Standard,Monthly,383,1,1
58,Female,12,25,9,11,Standard,Quarterly,257,14,0
52,Female,43,7,6,26,Standard,Annual,858,25,1
41,Male,49,19,2,10,Premium,Quarterly,425,20,0
52,Male,47,23,7,15,Premium,Monthly,979,9,0
55,Male,44,12,10,19,Premium,Annual,608,12,1
62,Female,7,15,8,1,Basic,Quarterly,674,15,0
33,Female,20,11,3,12,Standard,Quarterly,727,21,0
37,Female,51,11,5,20,Basic,Quarterly,448,15,1
54,Male,24,2,9,29,Basic,Monthly,234,20,1
30,Male,24,22,3,29,Basic,Monthly,495,5,0
64,Female,25,13,9,16,Standard,Annual,515,12,1
54,Female,51,22,7,23,Premium,Annual,854,1,1
43,Male,43,21,6,25,Basic,Quarterly,624,4,1
35,Male,31,23,3,27,Premium,Monthly,152,6,0
19,Female,30,30,10,17,Standard,Quarterly,491,30,1
44,Male,59,5,5,0,Premium,Quarterly,279,24,0
35,Female,47,13,8,18,Premium,Quarterly,694,11,1
31,Female,22,21,4,15,Standard,Quarterly,359,4,0
54,Male,51,20,0,17,Premium,Monthly,282,1,0
42,Male,45,29,3,30,Premium,Quarterly,755,18,0
36,Female,1,21,2,21,Premium,Annual,183,5,1
28,Female,45,26,10,26,Premium,Annual,860,9,1
20,Male,15,20,0,0,Standard,Monthly,702,13,0
59,Male,4,3,1,16,Premium,Quarterly,560,7,0
42,Female,53,3,9,25,Basic,Quarterly,979,29,1
23,Male,32,10,4,24,Premium,Monthly,484,16,0
22,Female,14,16,4,13,Premium,Annual,744,22,0
65,Male,60,19,10,8,Premium,Monthly,552,9,0
46,Female,57,6,0,22,Premium,Monthly,298,20,1
54,Male,21,3,0,11,Premium,Monthly,225,15,0
27,Female,46,10,1,23,Basic,Monthly,398,21,1
47,Male,25,26,2,6,Premium,Monthly,519,6,0
51,Male,58,27,4,12,Premium,Monthly,517,5,0
30,Female,6,1,4,4,Premium,Monthly,729,29,0
61,Male,30,3,5,18,Premium,Annual,439,18,1
60,Male,27,2,8,23,Basic,Monthly,438,4,1
55,Female,17,27,4,27,Premium,Monthly,501,8,1
41,Male,21,9,4,3,Premium,Annual,109,13,0
33,Female,3,30,6,28,Premium,Annual,804,17,0
53,Female,41,3,5,8,Basic,Quarterly,721,16,1
65,Male,28,9,5,28,Basic,Monthly,990,12,1
59,Female,49,1,10,18,Standard,Monthly,757,10,1
36,Male,32,5,10,24,Basic,Annual,998,22,1
62,Female,22,19,3,25,Basic,Monthly,614,5,1
30,Male,14,28,4,14,Premium,Monthly,147,11,0
20,Male,25,30,8,25,Basic,Quarterly,569,11,1
33,Male,36,28,2,14,Standard,Quarterly,851,18,0
51,Male,46,8,10,12,Standard,Monthly,974,2,0
52,Male,24,1,4,1,Basic,Annual,738,2,1
35,Female,60,5,2,14,Basic,Annual,137,15,0
55,Male,56,6,5,0,Standard,Quarterly,374,20,0
50,Female,20,3,1,23,Premium,Annual,755,17,0
55,Male,45,30,6,2,Standard,Quarterly,750,26,0
56,Female,36,30,10,0,Premium,Quarterly,558,19,0
41,Female,8,20,1,24,Standard,Monthly,992,24,1
62,Female,16,26,2,11,Basic,Quarterly,140,25,0
56,Female,53,19,7,21,Basic,Quarterly,534,30,1
44,Female,28,21,8,17,Basic,Monthly,788,22,1
45,Female,57,19,10,9,Standard,Monthly,341,15,0
48,Male,39,7,9,20,Premium,Monthly,266,12,1
34,Female,43,4,5,13,Premium,Quarterly,256,3,0
43,Male,60,5,3,10,Standard,Annual,862,8,0
31,Male,17,12,5,3,Basic,Monthly,264,24,0
43,Female,41,15,10,17,Premium,Annual,119,8,1
30,Male,6,6,2,4,Premium,Annual,495,23,0
63,Female,8,25,6,24,Basic,Quarterly,152,8,1
60,Male,11,27,6,10,Standard,Monthly,626,30,0
37,Male,16,12,7,28,Basic,Annual,233,13,0
33,Male,15,22,0,3,Basic,Annual,650,3,0
21,Male,54,5,8,10,Standard,Quarterly,989,28,0
29,Male,45,9,3,9,Premium,Quarterly,764,22,0
63,Male,15,26,7,21,Premium,Monthly,533,9,0
50,Female,32,7,0,28,Standard,Monthly,176,22,1
56,Female,59,22,1,23,Standard,Quarterly,971,5,0
56,Female,26,12,3,23,Standard,Annual,227,13,1
51,Male,41,21,10,22,Basic,Annual,411,26,1
63,Female,53,1,3,26,Standard,Monthly,177,24,1
51,Male,12,1,2,23,Premium,Annual,443,22,0
48,Female,50,3,0,6,Standard,Monthly,292,29,0
65,Male,12,4,8,23,Premium,Quarterly,802,6,1
61,Female,16,24,10,24,Premium,Monthly,418,8,1
46,Male,33,21,8,16,Standard,Annual,660,28,1
27,Male,23,6,4,18,Premium,Quarterly,501,7,0
63,Female,47,14,8,23,Standard,Quarterly,659,26,1
42,Male,47,4,9,16,Premium,Quarterly,569,22,1
45,Male,37,29,9,24,Standard,Monthly,438,6,1
28,Female,52,12,0,27,Premium,Monthly,225,17,1
18,Male,9,20,6,20,Basic,Quarterly,647,17,0
51,Female,48,2,10,5,Standard,Annual,109,10,1
26,Male,36,14,7,29,Basic,Annual,670,1,1
32,Male,45,20,7,4,Standard,Annual,868,17,0
29,Male,35,7,1,2,Basic,Monthly,521,14,0
42,Male,36,2,5,29,Standard,Monthly,299,21,1
54,Male,6,5,6,4,Basic,Monthly,534,26,1
65,Female,51,26,6,13,Premium,Annual,531,7,0
59,Female,30,10,7,24,Premium,Annual,456,10,1
30,Female,44,7,9,0,Standard,Annual,503,4,0
62,Male,39,16,7,23,Basic,Annual,415,27,1
53,Female,48,3,7,17,Standard,Annual,499,20,1
23,Male,31,10,6,7,Standard,Annual,934,17,0
58,Male,22,5,9,22,Standard,Monthly,719,11,1
38,Female,38,16,4,22,Premium,Monthly,310,22,1
52,Female,43,3,10,4,Standard,Monthly,309,3,1
30,Female,32,6,10,29,Basic,Annual,173,27,1
52,Female,11,29,10,9,Basic,Quarterly,768,30,0
37,Male,36,14,6,26,Premium,Quarterly,290,1,1
46,Female,58,18,1,1,Standard,Monthly,480,27,0
50,Female,4,16,3,23,Premium,Monthly,807,12,1
35,Female,30,30,3,21,Basic,Quarterly,512,18,0
34,Female,54,18,6,14,Basic,Quarterly,120,6,0
50,Male,18,5,0,28,Standard,Annual,109,19,0
57,Female,7,1,5,14,Standard,Annual,760,18,1
39,Male,11,23,4,3,Premium,Monthly,112,21,0
24,Female,46,21,2,14,Standard,Monthly,360,14,0
56,Female,27,3,9,28,Basic,Monthly,765,22,1
22,Male,21,5,3,17,Standard,Annual,325,25,0
36,Female,51,27,2,4,Standard,Monthly,718,14,0
29,Male,37,25,4,18,Basic,Annual,131,26,0
39,Female,36,19,10,18,Basic,Monthly,566,3,1
62,Female,60,22,9,15,Premium,Annual,714,29,0
59,Male,6,29,10,22,Premium,Quarterly,148,9,0
23,Female,29,8,8,29,Basic,Annual,471,22,1
25,Male,54,2,1,16,Premium,Quarterly,511,27,0
58,Male,50,5,3,27,Premium,Quarterly,479,1,0
45,Male,36,24,10,20,Standard,Annual,472,17,1
19,Female,21,18,4,5,Premium,Annual,656,1,0
63,Female,20,24,8,24,Standard,Monthly,227,19,1
29,Female,16,19,9,0,Standard,Monthly,573,7,0
27,Male,57,8,10,22,Premium,Monthly,746,2,1
21,Female,16,2,0,7,Basic,Quarterly,157,19,0
36,Female,46,13,2,20,Premium,Quarterly,892,9,0
23,Female,57,14,9,23,Basic,Annual,110,5,1
39,Male,55,18,8,25,Standard,Quarterly,496,7,1
20,Male,45,12,4,24,Premium,Annual,275,8,0
42,Female,17,13,9,18,Basic,Monthly,456,7,0
59,Female,59,24,1,3,Standard,Annual,412,24,0
40,Male,25,17,5,1,Basic,Quarterly,365,22,0
28,Female,29,20,6,1,Standard,Annual,236,9,0
26,Male,49,26,2,2,Basic,Annual,103,7,0
40,Female,45,21,5,18,Basic,Annual,300,21,1
37,Female,45,13,2,23,Premium,Quarterly,709,4,0
21,Female,29,12,7,20,Standard,Quarterly,815,12,1
34,Female,32,2,2,0,Basic,Monthly,210,24,0
27,Male,42,20,8,15,Premium,Quarterly,154,2,0
63,Female,53,14,1,20,Premium,Monthly,247,29,0
55,Male,34,17,5,23,Basic,Quarterly,333,25,1
64,Male,37,10,5,28,Basic,Annual,288,6,1
59,Male,11,25,1,6,Basic,Annual,160,9,0
41,Male,55,9,8,16,Basic,Quarterly,757,16,1
26,Female,9,3,0,25,Basic,Annual,907,15,0
29,Female,50,30,6,16,Premium,Quarterly,634,17,1
41,Male,5,27,10,20,Standard,Quarterly,331,23,0
38,Female,58,27,9,26,Premium,Annual,581,6,1
18,Female,11,28,8,25,Standard,Quarterly,188,8,1
38,Male,34,25,2,17,Basic,Quarterly,726,2,0
54,Male,28,9,6,23,Premium,Quarterly,329,4,1
51,Female,5,16,10,14,Premium,Quarterly,226,20,0
47,Male,55,13,10,3,Basic,Monthly,988,1,0
34,Male,59,6,9,21,Standard,Quarterly,869,26,1
55,Male,54,14,10,23,Standard,Annual,530,29,1
63,Female,50,18,5,27,Premium,Quarterly,479,20,1
63,Male,48,19,7,29,Premium,Quarterly,218,20,1
37,Male,53,24,6,16,Premium,Annual,228,19,1
61,Female,46,29,3,8,Premium,Monthly,659,13,0
63,Male,47,13,0,3,Premium,Monthly,847,4,0
26,Female,10,13,10,20,Basic,Annual,980,29,0
32,Female,59,13,10,7,Standard,Annual,289,10,0
40,Female,55,20,7,6,Standard,Annual,638,11,0
32,Male,8,5,2,8,Premium,Monthly,885,22,0
29,Female,44,1,5,19,Premium,Annual,414,8,1
52,Female,24,1,3,26,Standard,Annual,797,9,0
54,Female,47,30,1,19,Premium,Annual,770,29,0
65,Female,60,12,9,18,Basic,Annual,249,18,1
57,Female,56,16,10,9,Standard,Annual,705,2,0
60,Male,16,5,5,8,Premium,Annual,636,23,1
58,Female,35,26,7,26,Basic,Quarterly,762,21,1
57,Male,20,3,6,16,Standard,Monthly,473,30,1
35,Female,40,30,9,25,Basic,Annual,417,11,1
37,Female,31,21,10,14,Standard,Quarterly,464,1,0
57,Male,25,14,2,29,Standard,Quarterly,145,10,0
52,Female,7,23,7,28,Standard,Monthly,723,4,1
20,Male,34,21,6,25,Standard,Quarterly,999,26,1
54,Male,14,15,0,16,Premium,Monthly,861,12,0
45,Male,32,12,9,6,Basic,Annual,519,17,0
35,Female,40,15,6,17,Standard,Annual,162,21,1
65,Male,49,5,9,28,Basic,Annual,556,16,1
18,Female,38,25,7,19,Premium,Quarterly,895,24,1
53,Male,56,24,0,12,Basic,Monthly,805,23,0
61,Female,17,17,1,15,Standard,Quarterly,983,30,0
62,Male,28,26,8,8,Premium,Annual,260,16,0
59,Male,32,10,5,17,Basic,Monthly,645,10,1
30,Male,28,6,7,19,Premium,Quarterly,843,1,1
25,Female,30,23,8,2,Basic,Monthly,795,24,0
38,Female,59,17,7,29,Premium,Annual,410,26,1
51,Male,46,16,8,28,Standard,Annual,500,22,1
48,Female,40,11,3,18,Standard,Annual,145,10,0
57,Male,35,26,9,20,Premium,Quarterly,831,19,1
24,Female,20,29,0,28,Premium,Annual,334,12,1
64,Female,49,22,1,7,Standard,Monthly,874,4,0
64,Male,29,17,0,15,Standard,Quarterly,171,1,0
62,Male,48,2,4,6,Premium,Monthly,780,18,1
41,Male,21,14,3,1,Basic,Monthly,852,19,0
57,Male,38,23,7,30,Premium,Quarterly,434,24,1
54,Female,25,13,7,18,Basic,Monthly,542,1,1
58,Male,5,17,10,28,Basic,Quarterly,685,19,0
57,Male,26,4,6,3,Standard,Quarterly,237,28,1
28,Female,28,10,5,25,Basic,Annual,291,29,1
28,Female,23,22,4,26,Standard,Quarterly,250,5,1
49,Female,35,28,7,23,Basic,Annual,408,10,1
54,Male,23,20,6,21,Premium,Monthly,786,13,0
21,Female,26,8,4,29,Basic,Monthly,223,11,1
39,Female,59,20,0,30,Basic,Quarterly,268,25,1
35,Female,9,29,6,17,Premium,Monthly,237,24,0
61,Male,5,21,9,10,Standard,Monthly,683,5,0
56,Male,2,1,10,5,Premium,Annual,861,9,1
65,Female,56,18,5,30,Basic,Monthly,849,28,1
57,Male,5,3,6,17,Premium,Annual,509,3,1
64,Male,57,2,10,1,Premium,Quarterly,132,7,1
37,Female,31,29,2,10,Standard,Annual,320,20,0
28,Female,60,7,3,14,Standard,Monthly,109,14,0
48,Female,53,25,10,2,Standard,Annual,923,14,0
48,Female,5,24,0,1,Premium,Annual,437,28,0
48,Female,47,24,4,7,Premium,Annual,319,24,0
50,Female,12,7,10,30,Premium,Quarterly,885,13,0
44,Female,42,11,8,16,Standard,Annual,242,24,1
59,Male,55,20,2,14,Premium,Monthly,911,9,0
26,Female,31,2,1,7,Standard,Monthly,200,1,0
20,Male,7,5,3,21,Basic,Annual,361,22,0
44,Male,50,6,8,18,Premium,Annual,495,30,1
26,Female,6,1,6,30,Standard,Annual,373,2,1
18,Female,42,13,6,13,Standard,Annual,273,3,0
44,Male,9,6,9,2,Premium,Monthly,904,14,0
